-- phpMyAdmin SQL Dump
-- version 5.2.0
-- https://www.phpmyadmin.net/
--
-- Hôte : 127.0.0.1:3306
-- Généré le : lun. 30 jan. 2023 à 16:09
-- Version du serveur : 5.7.40
-- Version de PHP : 8.0.26

SET SQL_MODE = "NO_AUTO_VALUE_ON_ZERO";
START TRANSACTION;
SET time_zone = "+00:00";


/*!40101 SET @OLD_CHARACTER_SET_CLIENT=@@CHARACTER_SET_CLIENT */;
/*!40101 SET @OLD_CHARACTER_SET_RESULTS=@@CHARACTER_SET_RESULTS */;
/*!40101 SET @OLD_COLLATION_CONNECTION=@@COLLATION_CONNECTION */;
/*!40101 SET NAMES utf8mb4 */;

--
-- Base de données : `locagame`
--

-- --------------------------------------------------------

--
-- Structure de la table `address`
--

DROP TABLE IF EXISTS `address`;
CREATE TABLE IF NOT EXISTS `address` (
  `idAddress` int(11) NOT NULL AUTO_INCREMENT,
  `idUser` int(11) NOT NULL,
  `idCity` int(11) NOT NULL,
  `street` varchar(255) NOT NULL,
  `number` int(11) NOT NULL,
  `box` varchar(20) DEFAULT NULL,
  `typeAddress` enum('LIVRAISON','FACTURATION') NOT NULL DEFAULT 'FACTURATION',
  `enable` tinyint(1) NOT NULL DEFAULT '1',
  PRIMARY KEY (`idAddress`),
  KEY `fk_idUser` (`idUser`),
  KEY `fk_idCity` (`idCity`)
) ENGINE=InnoDB AUTO_INCREMENT=6 DEFAULT CHARSET=utf8;

--
-- Déchargement des données de la table `address`
--

INSERT INTO `address` (`idAddress`, `idUser`, `idCity`, `street`, `number`, `box`, `typeAddress`, `enable`) VALUES
(1, 1, 436, 'Rue du coucou', 4, NULL, 'FACTURATION', 1),
(5, 5, 811, 'rue des free', 5, NULL, 'FACTURATION', 1);

-- --------------------------------------------------------

--
-- Structure de la table `addressorder`
--

DROP TABLE IF EXISTS `addressorder`;
CREATE TABLE IF NOT EXISTS `addressorder` (
  `idAddressOrder` int(11) NOT NULL AUTO_INCREMENT,
  `idAddress` int(11) NOT NULL,
  `idOrder` int(11) NOT NULL,
  PRIMARY KEY (`idAddressOrder`),
  KEY `fk_idAddressOrder` (`idAddress`),
  KEY `fk_idOrderAddress` (`idOrder`)
) ENGINE=InnoDB DEFAULT CHARSET=utf8;

-- --------------------------------------------------------

--
-- Structure de la table `category`
--

DROP TABLE IF EXISTS `category`;
CREATE TABLE IF NOT EXISTS `category` (
  `idCategory` int(11) NOT NULL AUTO_INCREMENT,
  `categoryName` varchar(60) NOT NULL,
  PRIMARY KEY (`idCategory`)
) ENGINE=InnoDB AUTO_INCREMENT=11 DEFAULT CHARSET=utf8;

--
-- Déchargement des données de la table `category`
--

INSERT INTO `category` (`idCategory`, `categoryName`) VALUES
(1, 'Arcade'),
(2, 'Course'),
(3, 'Guerre'),
(9, 'Sport'),
(10, 'Enigme');

-- --------------------------------------------------------

--
-- Structure de la table `categoryproduct`
--

DROP TABLE IF EXISTS `categoryproduct`;
CREATE TABLE IF NOT EXISTS `categoryproduct` (
  `idCategoryProduct` int(11) NOT NULL AUTO_INCREMENT,
  `idCategory` int(11) NOT NULL,
  `idProduct` int(11) NOT NULL,
  PRIMARY KEY (`idCategoryProduct`),
  KEY `fk_idCategory` (`idCategory`),
  KEY `fk_idProductCategory` (`idProduct`)
) ENGINE=InnoDB AUTO_INCREMENT=21 DEFAULT CHARSET=utf8;

--
-- Déchargement des données de la table `categoryproduct`
--

INSERT INTO `categoryproduct` (`idCategoryProduct`, `idCategory`, `idProduct`) VALUES
(1, 1, 1),
(2, 3, 2),
(3, 2, 1),
(16, 1, 15),
(17, 1, 16),
(18, 1, 17),
(19, 10, 17),
(20, 1, 18);

-- --------------------------------------------------------

--
-- Structure de la table `city`
--

DROP TABLE IF EXISTS `city`;
CREATE TABLE IF NOT EXISTS `city` (
  `idCity` int(11) NOT NULL AUTO_INCREMENT,
  `idCountry` int(11) NOT NULL,
  `postalCode` int(11) NOT NULL,
  `cityName` varchar(60) NOT NULL,
  PRIMARY KEY (`idCity`),
  KEY `fk_idCountry` (`idCountry`) USING BTREE
) ENGINE=InnoDB AUTO_INCREMENT=2768 DEFAULT CHARSET=utf8;

--
-- Déchargement des données de la table `city`
--

INSERT INTO `city` (`idCity`, `idCountry`, `postalCode`, `cityName`) VALUES
(3, 1, 2970, '\'s Gravenwezel'),
(4, 1, 3700, '\'s Herenelderen'),
(5, 1, 7510, '3 Suisses'),
(6, 1, 9420, 'Aaigem'),
(7, 1, 8511, 'Aalbeke'),
(8, 1, 3800, 'Aalst'),
(9, 1, 9300, 'Aalst'),
(10, 1, 9880, 'Aalter'),
(11, 1, 3200, 'Aarschot'),
(12, 1, 8700, 'Aarsele'),
(13, 1, 8211, 'Aartrijke'),
(14, 1, 2630, 'Aartselaar'),
(15, 1, 4557, 'Abée'),
(16, 1, 4280, 'Abolens'),
(17, 1, 3930, 'Achel'),
(18, 1, 5590, 'Achêne'),
(19, 1, 5362, 'Achet'),
(20, 1, 4219, 'Acosse'),
(21, 1, 6280, 'Acoz'),
(22, 1, 1105, 'ACTISOC'),
(23, 1, 9991, 'Adegem'),
(24, 1, 8660, 'Adinkerke'),
(25, 1, 1790, 'Affligem'),
(26, 1, 9051, 'Afsnee'),
(27, 1, 5544, 'Agimont'),
(28, 1, 4317, 'Aineffe'),
(29, 1, 5310, 'Aische-en-Refail'),
(30, 1, 6250, 'Aiseau'),
(31, 1, 5070, 'Aisemont'),
(32, 1, 3570, 'Alken'),
(33, 1, 5550, 'Alle'),
(34, 1, 4432, 'Alleur'),
(35, 1, 1652, 'Alsemberg'),
(36, 1, 8690, 'Alveringem'),
(37, 1, 4540, 'Amay'),
(38, 1, 6680, 'Amberloup'),
(39, 1, 4770, 'Amblève'),
(40, 1, 6953, 'Ambly'),
(41, 1, 4219, 'Ambresin'),
(42, 1, 6997, 'Amonines'),
(43, 1, 7750, 'Amougies'),
(44, 1, 4540, 'Ampsin'),
(45, 1, 5300, 'Andenne'),
(46, 1, 1070, 'Anderlecht'),
(47, 1, 6150, 'Anderlues'),
(48, 1, 4821, 'Andrimont'),
(49, 1, 4031, 'Angleur'),
(50, 1, 7387, 'Angre'),
(51, 1, 7387, 'Angreau'),
(52, 1, 5537, 'Anhée'),
(53, 1, 6721, 'Anlier'),
(54, 1, 6890, 'Anloy'),
(55, 1, 5537, 'Annevoie-Rouillon'),
(56, 1, 4430, 'Ans'),
(57, 1, 5500, 'Anseremme'),
(58, 1, 7750, 'Anseroeul'),
(59, 1, 5520, 'Anthée'),
(60, 1, 4520, 'Antheit'),
(61, 1, 4160, 'Anthisnes'),
(62, 1, 7640, 'Antoing'),
(63, 1, 2000, 'Antwerpen'),
(64, 1, 2018, 'Antwerpen'),
(65, 1, 2020, 'Antwerpen'),
(66, 1, 2030, 'Antwerpen'),
(67, 1, 2040, 'Antwerpen'),
(68, 1, 2050, 'Antwerpen'),
(69, 1, 2060, 'Antwerpen'),
(70, 1, 2099, 'Antwerpen x'),
(71, 1, 7910, 'Anvaing'),
(72, 1, 8570, 'Anzegem'),
(73, 1, 9200, 'Appels'),
(74, 1, 9400, 'Appelterre-Eichem'),
(75, 1, 5170, 'Arbre'),
(76, 1, 7811, 'Arbre'),
(77, 1, 4990, 'Arbrefontaine'),
(78, 1, 7910, 'Arc-Ainières'),
(79, 1, 7910, 'Arc-Wattripont'),
(80, 1, 1390, 'Archennes'),
(81, 1, 8850, 'Ardooie'),
(82, 1, 2370, 'Arendonk'),
(83, 1, 4601, 'Argenteau'),
(84, 1, 6700, 'Arlon'),
(85, 1, 7181, 'Arquennes'),
(86, 1, 5060, 'Arsimont'),
(87, 1, 6870, 'Arville'),
(88, 1, 3665, 'As'),
(89, 1, 9404, 'Aspelare'),
(90, 1, 9890, 'Asper'),
(91, 1, 7040, 'Asquillies'),
(92, 1, 1730, 'Asse'),
(93, 1, 8310, 'Assebroek'),
(94, 1, 1007, 'Assemblée de la Commission Communautaire Française'),
(95, 1, 1005, 'Assemblée Réunie de la Commission Communautaire'),
(96, 1, 9960, 'Assenede'),
(97, 1, 6860, 'Assenois'),
(98, 1, 3460, 'Assent'),
(99, 1, 5330, 'Assesse'),
(100, 1, 9800, 'Astene'),
(101, 1, 7800, 'Ath'),
(102, 1, 7387, 'Athis'),
(103, 1, 6791, 'Athus'),
(104, 1, 3404, 'Attenhoven'),
(105, 1, 3384, 'Attenrode'),
(106, 1, 6717, 'Attert'),
(107, 1, 7941, 'Attre'),
(108, 1, 6790, 'Aubange'),
(109, 1, 7972, 'Aubechies'),
(110, 1, 4880, 'Aubel'),
(111, 1, 5660, 'Aublain'),
(112, 1, 6880, 'Auby-sur-Semois'),
(113, 1, 1160, 'Auderghem'),
(114, 1, 7382, 'Audregnies'),
(115, 1, 7040, 'Aulnois'),
(116, 1, 6706, 'Autelbas'),
(117, 1, 1367, 'Autre-Eglise'),
(118, 1, 7387, 'Autreppe'),
(119, 1, 5060, 'Auvelais'),
(120, 1, 5580, 'Ave-et-Auffe'),
(121, 1, 8630, 'Avekapelle'),
(122, 1, 8580, 'Avelgem'),
(123, 1, 4260, 'Avennes'),
(124, 1, 3271, 'Averbode'),
(125, 1, 4280, 'Avernas-le-Bauduin'),
(126, 1, 4280, 'Avin'),
(127, 1, 4340, 'Awans'),
(128, 1, 6870, 'Awenne'),
(129, 1, 4400, 'Awirs'),
(130, 1, 6900, 'Aye'),
(131, 1, 4630, 'Ayeneux'),
(132, 1, 4920, 'Aywaille'),
(133, 1, 9890, 'Baaigem'),
(134, 1, 3128, 'Baal'),
(135, 1, 9310, 'Baardegem'),
(136, 1, 2387, 'Baarle-Hertog'),
(137, 1, 9200, 'Baasrode'),
(138, 1, 9800, 'Bachte-Maria-Leerne'),
(139, 1, 4837, 'Baelen'),
(140, 1, 5550, 'Bagimont'),
(141, 1, 6464, 'Baileux'),
(142, 1, 6460, 'Bailièvre'),
(143, 1, 5555, 'Baillamont'),
(144, 1, 7730, 'Bailleul'),
(145, 1, 5377, 'Baillonville'),
(146, 1, 7380, 'Baisieux'),
(147, 1, 1470, 'Baisy-Thy'),
(148, 1, 5190, 'Balâtre'),
(149, 1, 9860, 'Balegem'),
(150, 1, 2490, 'Balen'),
(151, 1, 9420, 'Bambrugge'),
(152, 1, 6951, 'Bande'),
(153, 1, 6500, 'Barbençon'),
(154, 1, 4671, 'Barchon'),
(155, 1, 5570, 'Baronville'),
(156, 1, 7534, 'Barry'),
(157, 1, 5370, 'Barvaux-Condroz'),
(158, 1, 6940, 'Barvaux-sur-Ourthe'),
(159, 1, 4520, 'Bas-Oha'),
(160, 1, 7784, 'Bas-Warneton'),
(161, 1, 7971, 'Basècles'),
(162, 1, 4983, 'Basse-Bodeux'),
(163, 1, 4690, 'Bassenge'),
(164, 1, 9968, 'Bassevelde'),
(165, 1, 7830, 'Bassilly'),
(166, 1, 6600, 'Bastogne'),
(167, 1, 3870, 'Batsheers'),
(168, 1, 4651, 'Battice'),
(169, 1, 7130, 'Battignies'),
(170, 1, 7331, 'Baudour'),
(171, 1, 7870, 'Bauffe'),
(172, 1, 7604, 'Baugnies'),
(173, 1, 1401, 'Baulers'),
(174, 1, 9520, 'Bavegem'),
(175, 1, 8531, 'Bavikhove'),
(176, 1, 9150, 'Bazel'),
(177, 1, 4052, 'Beaufays'),
(178, 1, 6500, 'Beaumont'),
(179, 1, 5570, 'Beauraing'),
(180, 1, 6980, 'Beausaint'),
(181, 1, 1320, 'Beauvechain'),
(182, 1, 6594, 'Beauwelz'),
(183, 1, 7532, 'Béclers'),
(184, 1, 3960, 'Beek'),
(185, 1, 9630, 'Beerlegem'),
(186, 1, 8730, 'Beernem'),
(187, 1, 2340, 'Beerse'),
(188, 1, 1650, 'Beersel'),
(189, 1, 8600, 'Beerst'),
(190, 1, 1673, 'Beert'),
(191, 1, 9080, 'Beervelde'),
(192, 1, 2580, 'Beerzel'),
(193, 1, 5000, 'Beez'),
(194, 1, 6987, 'Beffe'),
(195, 1, 3130, 'Begijnendijk'),
(196, 1, 6672, 'Beho'),
(197, 1, 1852, 'Beigem'),
(198, 1, 8480, 'Bekegem'),
(199, 1, 1730, 'Bekkerzeel'),
(200, 1, 3460, 'Bekkevoort'),
(201, 1, 5001, 'Belgrade'),
(202, 1, 4610, 'Bellaire'),
(203, 1, 7170, 'Bellecourt'),
(204, 1, 5555, 'Bellefontaine'),
(205, 1, 6730, 'Bellefontaine'),
(206, 1, 8510, 'Bellegem'),
(207, 1, 9881, 'Bellem'),
(208, 1, 6834, 'Bellevaux'),
(209, 1, 4960, 'Bellevaux-Ligneuville'),
(210, 1, 1674, 'Bellingen'),
(211, 1, 7970, 'Beloeil'),
(212, 1, 9111, 'Belsele'),
(213, 1, 4500, 'Ben-Ahin'),
(214, 1, 6941, 'Bende'),
(215, 1, 3540, 'Berbroek'),
(216, 1, 2600, 'Berchem'),
(217, 1, 9690, 'Berchem'),
(218, 1, 1082, 'Berchem-Sainte-Agathe'),
(219, 1, 2040, 'Berendrecht'),
(220, 1, 1910, 'Berg'),
(221, 1, 3700, 'Berg'),
(222, 1, 4360, 'Bergilers'),
(223, 1, 3580, 'Beringen'),
(224, 1, 2590, 'Berlaar'),
(225, 1, 9290, 'Berlare'),
(226, 1, 3830, 'Berlingen'),
(227, 1, 4257, 'Berloz'),
(228, 1, 4607, 'Berneau'),
(229, 1, 7320, 'Bernissart'),
(230, 1, 6560, 'Bersillies-l\'Abbaye'),
(231, 1, 3060, 'Bertem'),
(232, 1, 6687, 'Bertogne'),
(233, 1, 4280, 'Bertrée'),
(234, 1, 6880, 'Bertrix'),
(235, 1, 5651, 'Berzée'),
(236, 1, 8980, 'Beselare'),
(237, 1, 3130, 'Betekom'),
(238, 1, 4300, 'Bettincourt'),
(239, 1, 5030, 'Beuzet'),
(240, 1, 2560, 'Bevel'),
(241, 1, 4960, 'Bevercé'),
(242, 1, 9700, 'Bevere'),
(243, 1, 8791, 'Beveren'),
(244, 1, 8800, 'Beveren'),
(245, 1, 8691, 'Beveren-aan-de-IJzer'),
(246, 1, 9120, 'Beveren-Waas'),
(247, 1, 3581, 'Beverlo'),
(248, 1, 3740, 'Beverst'),
(249, 1, 4610, 'Beyne-Heusay'),
(250, 1, 6543, 'Bienne-lez-Happart'),
(251, 1, 3360, 'Bierbeek'),
(252, 1, 6533, 'Biercée'),
(253, 1, 1301, 'Bierges'),
(254, 1, 1430, 'Bierghes'),
(255, 1, 4460, 'Bierset'),
(256, 1, 5380, 'Bierwart'),
(257, 1, 5640, 'Biesme'),
(258, 1, 6531, 'Biesme-sous-Thuin'),
(259, 1, 5640, 'Biesmerée'),
(260, 1, 1547, 'Biévène'),
(261, 1, 5555, 'Bièvre'),
(262, 1, 1390, 'Biez'),
(263, 1, 6690, 'Bihain'),
(264, 1, 8920, 'Bikschote'),
(265, 1, 4831, 'Bilstain'),
(266, 1, 3740, 'Bilzen'),
(267, 1, 7130, 'Binche'),
(268, 1, 3850, 'Binderveld'),
(269, 1, 3211, 'Binkom'),
(270, 1, 5537, 'Bioul'),
(271, 1, 8501, 'Bissegem'),
(272, 1, 7783, 'Bizet'),
(273, 1, 2830, 'Blaasveld'),
(274, 1, 5542, 'Blaimont'),
(275, 1, 7522, 'Blandain'),
(276, 1, 3052, 'Blanden'),
(277, 1, 8370, 'Blankenberge'),
(278, 1, 7040, 'Blaregnies'),
(279, 1, 7321, 'Blaton'),
(280, 1, 7370, 'Blaugies'),
(281, 1, 4670, 'Blégny'),
(282, 1, 7620, 'Bléharies'),
(283, 1, 4280, 'Blehen'),
(284, 1, 6760, 'Bleid'),
(285, 1, 4300, 'Bleret'),
(286, 1, 7903, 'Blicquy'),
(287, 1, 3950, 'Bocholt'),
(288, 1, 4537, 'Bodegnée'),
(289, 1, 2530, 'Boechout'),
(290, 1, 3890, 'Boekhout'),
(291, 1, 9961, 'Boekhoute'),
(292, 1, 4250, 'Boëlhe'),
(293, 1, 8904, 'Boezinge'),
(294, 1, 1670, 'Bogaarden'),
(295, 1, 5550, 'Bohan'),
(296, 1, 5140, 'Boignée'),
(297, 1, 4690, 'Boirs'),
(298, 1, 7170, 'Bois-d\'Haine'),
(299, 1, 7866, 'Bois-de-Lessines'),
(300, 1, 5170, 'Bois-de-Villers'),
(301, 1, 4560, 'Bois-et-Borsu'),
(302, 1, 5310, 'Bolinne'),
(303, 1, 4653, 'Bolland'),
(304, 1, 1367, 'Bomal'),
(305, 1, 6941, 'Bomal-sur-Ourthe'),
(306, 1, 4607, 'Bombaye'),
(307, 1, 3840, 'Bommershoven'),
(308, 1, 7603, 'Bon-Secours'),
(309, 1, 4100, 'Boncelles'),
(310, 1, 5310, 'Boneffe'),
(311, 1, 2820, 'Bonheiden'),
(312, 1, 5021, 'Boninne'),
(313, 1, 1325, 'Bonlez'),
(314, 1, 6700, 'Bonnert'),
(315, 1, 5300, 'Bonneville'),
(316, 1, 5377, 'Bonsin'),
(317, 1, 2221, 'Booischot'),
(318, 1, 8630, 'Booitshoeke'),
(319, 1, 2850, 'Boom'),
(320, 1, 3631, 'Boorsem'),
(321, 1, 3190, 'Boortmeerbeek'),
(322, 1, 1761, 'Borchtlombeek'),
(323, 1, 2140, 'Borgerhout'),
(324, 1, 3840, 'Borgloon'),
(325, 1, 4317, 'Borlez'),
(326, 1, 3891, 'Borlo'),
(327, 1, 6941, 'Borlon'),
(328, 1, 2880, 'Bornem'),
(329, 1, 1404, 'Bornival'),
(330, 1, 2150, 'Borsbeek'),
(331, 1, 9552, 'Borsbeke'),
(332, 1, 5032, 'Bossière'),
(333, 1, 8583, 'Bossuit'),
(334, 1, 1390, 'Bossut-Gottechain'),
(335, 1, 3300, 'Bost'),
(336, 1, 5032, 'Bothey'),
(337, 1, 9820, 'Bottelare'),
(338, 1, 6200, 'Bouffioulx'),
(339, 1, 5004, 'Bouge'),
(340, 1, 7040, 'Bougnies'),
(341, 1, 6830, 'Bouillon'),
(342, 1, 6464, 'Bourlers'),
(343, 1, 5575, 'Bourseigne-Neuve'),
(344, 1, 5575, 'Bourseigne-Vieille'),
(345, 1, 7110, 'Boussoit'),
(346, 1, 7300, 'Boussu'),
(347, 1, 5660, 'Boussu-en-Fagne'),
(348, 1, 6440, 'Boussu-lez-Walcourt'),
(349, 1, 1470, 'Bousval'),
(350, 1, 3370, 'Boutersem'),
(351, 1, 5500, 'Bouvignes-sur-Meuse'),
(352, 1, 7803, 'Bouvignies'),
(353, 1, 2288, 'Bouwel'),
(354, 1, 8680, 'Bovekerke'),
(355, 1, 3870, 'Bovelingen'),
(356, 1, 4300, 'Bovenistier'),
(357, 1, 5081, 'Bovesse'),
(358, 1, 6671, 'Bovigny'),
(359, 1, 4990, 'Bra'),
(360, 1, 7604, 'Braffe'),
(361, 1, 5590, 'Braibant'),
(362, 1, 1420, 'Braine-l\'Alleud'),
(363, 1, 1440, 'Braine-le-Château'),
(364, 1, 7090, 'Braine-le-Comte'),
(365, 1, 4260, 'Braives'),
(366, 1, 9660, 'Brakel'),
(367, 1, 5310, 'Branchon'),
(368, 1, 6800, 'Bras'),
(369, 1, 7604, 'Brasménil'),
(370, 1, 2930, 'Brasschaat'),
(371, 1, 7130, 'Bray'),
(372, 1, 2960, 'Brecht'),
(373, 1, 8450, 'Bredene'),
(374, 1, 3960, 'Bree'),
(375, 1, 2870, 'Breendonk'),
(376, 1, 4020, 'Bressoux'),
(377, 1, 8900, 'Brielen'),
(378, 1, 2520, 'Broechem'),
(379, 1, 3840, 'Broekom'),
(380, 1, 1931, 'Brucargo'),
(381, 1, 7940, 'Brugelette'),
(382, 1, 8000, 'Brugge'),
(383, 1, 5660, 'Brûly'),
(384, 1, 5660, 'Brûly-de-Pesche'),
(385, 1, 1785, 'Brussegem'),
(386, 1, 3800, 'Brustem'),
(387, 1, 1000, 'Bruxelles'),
(388, 1, 1099, 'Bruxelles X'),
(389, 1, 7641, 'Bruyelle'),
(390, 1, 6222, 'Brye'),
(391, 1, 3440, 'Budingen'),
(392, 1, 9255, 'Buggenhout'),
(393, 1, 7911, 'Buissenal'),
(394, 1, 5580, 'Buissonville'),
(395, 1, 1501, 'Buizingen'),
(396, 1, 1910, 'Buken'),
(397, 1, 4760, 'Bullange'),
(398, 1, 8630, 'Bulskamp'),
(399, 1, 3380, 'Bunsbeek'),
(400, 1, 2070, 'Burcht'),
(401, 1, 4210, 'Burdinne'),
(402, 1, 6927, 'Bure'),
(403, 1, 9420, 'Burst'),
(404, 1, 7602, 'Bury'),
(405, 1, 4750, 'Butgenbach'),
(406, 1, 3891, 'Buvingen'),
(407, 1, 7133, 'Buvrinnes'),
(408, 1, 6743, 'Buzenol'),
(409, 1, 6230, 'Buzet'),
(410, 1, 7604, 'Callenelle'),
(411, 1, 7642, 'Calonne'),
(412, 1, 7940, 'Cambron-Casteau'),
(413, 1, 7870, 'Cambron-Saint-Vincent'),
(414, 1, 1804, 'Cargovil'),
(415, 1, 6850, 'Carlsbourg'),
(416, 1, 7141, 'Carnières'),
(417, 1, 7061, 'Casteau'),
(418, 1, 5650, 'Castillon'),
(419, 1, 4317, 'Celles'),
(420, 1, 5561, 'Celles'),
(421, 1, 7760, 'Celles'),
(422, 1, 4632, 'Cérexhe-Heuseux'),
(423, 1, 5630, 'Cerfontaine'),
(424, 1, 1341, 'Céroux-Mousty'),
(425, 1, 4650, 'Chaineux'),
(426, 1, 5550, 'Chairière'),
(427, 1, 1008, 'Chambre des Représentants'),
(428, 1, 5020, 'Champion'),
(429, 1, 6971, 'Champlon'),
(430, 1, 6921, 'Chanly'),
(431, 1, 6742, 'Chantemelle'),
(432, 1, 7903, 'Chapelle-à-Oie'),
(433, 1, 7903, 'Chapelle-à-Wattines'),
(434, 1, 7160, 'Chapelle-lez-Herlaimont'),
(435, 1, 4537, 'Chapon-Seraing'),
(436, 1, 6000, 'Charleroi'),
(437, 1, 6099, 'Charleroi X'),
(438, 1, 4654, 'Charneux'),
(439, 1, 6824, 'Chassepierre'),
(440, 1, 1450, 'Chastre-Villeroux-Blanmont'),
(441, 1, 5650, 'Chastrès'),
(442, 1, 6200, 'Châtelet'),
(443, 1, 6200, 'Châtelineau'),
(444, 1, 6747, 'Châtillon'),
(445, 1, 4050, 'Chaudfontaine'),
(446, 1, 1325, 'Chaumont-Gistoux'),
(447, 1, 7063, 'Chaussée-Notre-Dame-Louvignies'),
(448, 1, 4032, 'Chênée'),
(449, 1, 6673, 'Cherain'),
(450, 1, 4602, 'Cheratte'),
(451, 1, 7521, 'Chercq'),
(452, 1, 5590, 'Chevetogne'),
(453, 1, 4987, 'Chevron'),
(454, 1, 7950, 'Chièvres'),
(455, 1, 6460, 'Chimay'),
(456, 1, 6810, 'Chiny'),
(457, 1, 4400, 'Chokier'),
(458, 1, 5560, 'Ciergnon'),
(459, 1, 5590, 'Ciney'),
(460, 1, 4260, 'Ciplet'),
(461, 1, 7024, 'Ciply'),
(462, 1, 1480, 'Clabecq'),
(463, 1, 4560, 'Clavier'),
(464, 1, 4890, 'Clermont'),
(465, 1, 5650, 'Clermont'),
(466, 1, 4480, 'Clermont-sous-Huy'),
(467, 1, 5022, 'Cognelée'),
(468, 1, 7340, 'Colfontaine'),
(469, 1, 4170, 'Comblain-au-Pont'),
(470, 1, 4180, 'Comblain-Fairon'),
(471, 1, 4180, 'Comblain-la-Tour'),
(472, 1, 7780, 'Comines'),
(473, 1, 7780, 'Comines-Warneton'),
(474, 1, 5590, 'Conneux'),
(475, 1, 1435, 'Corbais'),
(476, 1, 6838, 'Corbion'),
(477, 1, 7910, 'Cordes'),
(478, 1, 5620, 'Corenne'),
(479, 1, 4860, 'Cornesse'),
(480, 1, 5555, 'Cornimont'),
(481, 1, 1935, 'Corporate Village'),
(482, 1, 5032, 'Corroy-le-Château'),
(483, 1, 1325, 'Corroy-le-Grand'),
(484, 1, 4257, 'Corswarem'),
(485, 1, 1450, 'Cortil-Noirmont'),
(486, 1, 5380, 'Cortil-Wodon'),
(487, 1, 6010, 'Couillet'),
(488, 1, 6120, 'Cour-sur-Heure'),
(489, 1, 6180, 'Courcelles'),
(490, 1, 5336, 'Courrière'),
(491, 1, 1490, 'Court-Saint-Etienne'),
(492, 1, 4218, 'Couthuin'),
(493, 1, 5300, 'Coutisse'),
(494, 1, 1380, 'Couture-Saint-Germain'),
(495, 1, 5660, 'Couvin'),
(496, 1, 4280, 'Cras-Avernas'),
(497, 1, 4280, 'Crehen'),
(498, 1, 4367, 'Crisnée'),
(499, 1, 7120, 'Croix-lez-Rouveroy'),
(500, 1, 4784, 'Crombach'),
(501, 1, 5332, 'Crupet'),
(502, 1, 6075, 'CSM Charleroi X'),
(503, 1, 9075, 'CSM Gent X'),
(504, 1, 7033, 'Cuesmes'),
(505, 1, 6880, 'Cugnon'),
(506, 1, 5660, 'Cul-des-Sarts'),
(507, 1, 5562, 'Custinne'),
(508, 1, 8890, 'Dadizele'),
(509, 1, 5660, 'Dailly'),
(510, 1, 9160, 'Daknam'),
(511, 1, 4607, 'Dalhem'),
(512, 1, 8340, 'Damme'),
(513, 1, 6767, 'Dampicourt'),
(514, 1, 6020, 'Dampremy'),
(515, 1, 7512, 'DANIEL JOUVANCE'),
(516, 1, 4253, 'Darion'),
(517, 1, 5630, 'Daussois'),
(518, 1, 5020, 'Daussoulx'),
(519, 1, 5100, 'Dave'),
(520, 1, 6929, 'Daverdisse'),
(521, 1, 8420, 'De Haan'),
(522, 1, 9170, 'De Klinge'),
(523, 1, 8630, 'De Moeren'),
(524, 1, 8660, 'De Panne'),
(525, 1, 9840, 'De Pinte'),
(526, 1, 8540, 'Deerlijk'),
(527, 1, 9570, 'Deftinge'),
(528, 1, 9800, 'Deinze'),
(529, 1, 9280, 'Denderbelle'),
(530, 1, 9450, 'Denderhoutem'),
(531, 1, 9470, 'Denderleeuw'),
(532, 1, 9200, 'Dendermonde'),
(533, 1, 9400, 'Denderwindeke'),
(534, 1, 5537, 'Denée'),
(535, 1, 8720, 'Dentergem'),
(536, 1, 7912, 'Dergneau'),
(537, 1, 2480, 'Dessel'),
(538, 1, 8792, 'Desselgem'),
(539, 1, 9070, 'Destelbergen'),
(540, 1, 9042, 'Desteldonk'),
(541, 1, 9831, 'Deurle'),
(542, 1, 2100, 'Deurne'),
(543, 1, 3290, 'Deurne'),
(544, 1, 7864, 'Deux-Acren'),
(545, 1, 5310, 'Dhuy'),
(546, 1, 1831, 'Diegem'),
(547, 1, 3590, 'Diepenbeek'),
(548, 1, 3290, 'Diest'),
(549, 1, 3700, 'Diets-Heur'),
(550, 1, 8900, 'Dikkebus'),
(551, 1, 9630, 'Dikkele'),
(552, 1, 9890, 'Dikkelvenne'),
(553, 1, 8600, 'Diksmuide'),
(554, 1, 1700, 'Dilbeek'),
(555, 1, 3650, 'Dilsen'),
(556, 1, 3650, 'Dilsen-Stokkem'),
(557, 1, 5500, 'Dinant'),
(558, 1, 5570, 'Dion'),
(559, 1, 1325, 'Dion-Valmont'),
(560, 1, 4820, 'Dison'),
(561, 1, 6960, 'Dochamps'),
(562, 1, 9130, 'Doel'),
(563, 1, 6836, 'Dohan'),
(564, 1, 5680, 'Doische'),
(565, 1, 4140, 'Dolembreux'),
(566, 1, 4357, 'Donceel'),
(567, 1, 1370, 'Dongelberg'),
(568, 1, 3540, 'Donk'),
(569, 1, 6536, 'Donstiennes'),
(570, 1, 5530, 'Dorinne'),
(571, 1, 3440, 'Dormaal'),
(572, 1, 7711, 'Dottignies'),
(573, 1, 7370, 'Dour'),
(574, 1, 5670, 'Dourbes'),
(575, 1, 8951, 'Dranouter'),
(576, 1, 5500, 'Dréhance'),
(577, 1, 8600, 'Driekapellen'),
(578, 1, 3350, 'Drieslinter'),
(579, 1, 1620, 'Drogenbos'),
(580, 1, 9031, 'Drongen'),
(581, 1, 8380, 'Dudzele'),
(582, 1, 2570, 'Duffel'),
(583, 1, 3080, 'Duisburg'),
(584, 1, 3803, 'Duras'),
(585, 1, 6940, 'Durbuy'),
(586, 1, 5530, 'Durnal'),
(587, 1, 1653, 'Dworp'),
(588, 1, 4690, 'Eben-Emael'),
(589, 1, 6860, 'Ebly'),
(590, 1, 7190, 'Écaussinnes-d\'Enghien'),
(591, 1, 7191, 'Ecaussinnes-Lalaing'),
(592, 1, 2650, 'Edegem'),
(593, 1, 9700, 'Edelare'),
(594, 1, 9900, 'Eeklo'),
(595, 1, 8480, 'Eernegem'),
(596, 1, 8740, 'Egem'),
(597, 1, 8630, 'Eggewaartskapelle'),
(598, 1, 5310, 'Eghezée'),
(599, 1, 4120, 'Ehein'),
(600, 1, 4480, 'Ehein'),
(601, 1, 3740, 'Eigenbilzen'),
(602, 1, 2430, 'Eindhout'),
(603, 1, 9700, 'Eine'),
(604, 1, 3630, 'Eisden'),
(605, 1, 9810, 'Eke'),
(606, 1, 2180, 'Ekeren'),
(607, 1, 9160, 'Eksaarde'),
(608, 1, 3941, 'Eksel'),
(609, 1, 3650, 'Elen'),
(610, 1, 9620, 'Elene'),
(611, 1, 1982, 'Elewijt'),
(612, 1, 3400, 'Eliksem'),
(613, 1, 1671, 'Elingen'),
(614, 1, 4590, 'Ellemelle'),
(615, 1, 7890, 'Ellezelles'),
(616, 1, 7910, 'Ellignies-lez-Frasnes'),
(617, 1, 7972, 'Ellignies-Sainte-Anne'),
(618, 1, 3670, 'Ellikom'),
(619, 1, 7370, 'Elouges'),
(620, 1, 9790, 'Elsegem'),
(621, 1, 4750, 'Elsenborn'),
(622, 1, 9660, 'Elst'),
(623, 1, 8906, 'Elverdinge'),
(624, 1, 9140, 'Elversele'),
(625, 1, 2520, 'Emblem'),
(626, 1, 4053, 'Embourg'),
(627, 1, 8870, 'Emelgem'),
(628, 1, 5080, 'Emines'),
(629, 1, 5363, 'Emptinne'),
(630, 1, 9700, 'Ename'),
(631, 1, 3800, 'Engelmanshoven'),
(632, 1, 7850, 'Enghien'),
(633, 1, 4480, 'Engis'),
(634, 1, 1350, 'Enines'),
(635, 1, 4800, 'Ensival'),
(636, 1, 7134, 'Epinois'),
(637, 1, 1980, 'Eppegem'),
(638, 1, 5580, 'Eprave'),
(639, 1, 7050, 'Erbaut'),
(640, 1, 7050, 'Erbisoeul'),
(641, 1, 7500, 'Ere'),
(642, 1, 9320, 'Erembodegem'),
(643, 1, 6997, 'Erezée'),
(644, 1, 5644, 'Ermeton-sur-Biert'),
(645, 1, 5030, 'Ernage'),
(646, 1, 6972, 'Erneuville'),
(647, 1, 4920, 'Ernonheid'),
(648, 1, 9420, 'Erondegem'),
(649, 1, 9420, 'Erpe'),
(650, 1, 5101, 'Erpent'),
(651, 1, 6441, 'Erpion'),
(652, 1, 3071, 'Erps-Kwerps'),
(653, 1, 6560, 'Erquelinnes'),
(654, 1, 7387, 'Erquennes'),
(655, 1, 9940, 'Ertvelde'),
(656, 1, 9620, 'Erwetegem'),
(657, 1, 7760, 'Escanaffles'),
(658, 1, 8600, 'Esen'),
(659, 1, 4130, 'Esneux'),
(660, 1, 8587, 'Espierres'),
(661, 1, 7502, 'Esplechin'),
(662, 1, 7743, 'Esquelmes'),
(663, 1, 2910, 'Essen'),
(664, 1, 1790, 'Essene'),
(665, 1, 7730, 'Estaimbourg'),
(666, 1, 7730, 'Estaimpuis'),
(667, 1, 7120, 'Estinnes-au-Mont'),
(668, 1, 7120, 'Estinnes-au-Val'),
(669, 1, 6740, 'Etalle'),
(670, 1, 6760, 'Ethe'),
(671, 1, 9680, 'Etikhove'),
(672, 1, 8460, 'Ettelgem'),
(673, 1, 1040, 'Etterbeek'),
(674, 1, 7080, 'Eugies'),
(675, 1, 4700, 'Eupen'),
(676, 1, 1046, 'European External Action Service'),
(677, 1, 4631, 'Evegnée'),
(678, 1, 5350, 'Evelette'),
(679, 1, 9660, 'Everbeek'),
(680, 1, 3078, 'Everberg'),
(681, 1, 1140, 'Evere'),
(682, 1, 9940, 'Evergem'),
(683, 1, 7730, 'Evregnies'),
(684, 1, 5530, 'Evrehailles'),
(685, 1, 4731, 'Eynatten'),
(686, 1, 3400, 'Ezemaal'),
(687, 1, 5600, 'Fagnolle'),
(688, 1, 4317, 'Faimes'),
(689, 1, 5522, 'Falaën'),
(690, 1, 5060, 'Falisolle'),
(691, 1, 4260, 'Fallais'),
(692, 1, 5500, 'Falmagne'),
(693, 1, 5500, 'Falmignoul'),
(694, 1, 7181, 'Familleureux'),
(695, 1, 6240, 'Farciennes'),
(696, 1, 5340, 'Faulx-les-Tombes'),
(697, 1, 7120, 'Fauroeulx'),
(698, 1, 6637, 'Fauvillers'),
(699, 1, 4950, 'Faymonville'),
(700, 1, 6856, 'Fays-les-Veneurs'),
(701, 1, 7387, 'Fayt-le-Franc'),
(702, 1, 7170, 'Fayt-lez-Manage'),
(703, 1, 5570, 'Felenne'),
(704, 1, 7181, 'Feluy'),
(705, 1, 4607, 'Feneur'),
(706, 1, 4190, 'Ferrières'),
(707, 1, 5570, 'Feschaux'),
(708, 1, 4347, 'Fexhe-le-Haut-Clocher'),
(709, 1, 4458, 'Fexhe-Slins'),
(710, 1, 4181, 'Filot'),
(711, 1, 5560, 'Finnevaux'),
(712, 1, 4530, 'Fize-Fontaine'),
(713, 1, 4367, 'Fize-Le-Marsal'),
(714, 1, 6686, 'Flamierge'),
(715, 1, 5620, 'Flavion'),
(716, 1, 5020, 'Flawinne'),
(717, 1, 4400, 'Flémalle-Grande'),
(718, 1, 4400, 'Flémalle-Haute'),
(719, 1, 7012, 'Flénu'),
(720, 1, 4620, 'Fléron'),
(721, 1, 6220, 'Fleurus'),
(722, 1, 7880, 'Flobecq'),
(723, 1, 4540, 'Flône'),
(724, 1, 5334, 'Florée'),
(725, 1, 5150, 'Floreffe'),
(726, 1, 5620, 'Florennes'),
(727, 1, 6820, 'Florenville'),
(728, 1, 5150, 'Floriffoux'),
(729, 1, 5370, 'Flostoy'),
(730, 1, 5572, 'Focant'),
(731, 1, 1350, 'Folx-les-Caves'),
(732, 1, 6140, 'Fontaine-l\'Évêque'),
(733, 1, 6567, 'Fontaine-Valmont'),
(734, 1, 5650, 'Fontenelle'),
(735, 1, 6820, 'Fontenoille'),
(736, 1, 7643, 'Fontenoy'),
(737, 1, 4340, 'Fooz'),
(738, 1, 6141, 'Forchies-La-Marche'),
(739, 1, 1190, 'Forest'),
(740, 1, 7910, 'Forest'),
(741, 1, 4870, 'Forêt'),
(742, 1, 6596, 'Forge-Philippe'),
(743, 1, 6464, 'Forges'),
(744, 1, 6953, 'Forrières'),
(745, 1, 5380, 'Forville'),
(746, 1, 4980, 'Fosse'),
(747, 1, 5070, 'Fosses-la-Ville'),
(748, 1, 7830, 'Fouleng'),
(749, 1, 6440, 'Fourbechies'),
(750, 1, 3798, 'Fouron-Le-Comte'),
(751, 1, 3790, 'Fouron-Saint-Martin'),
(752, 1, 3792, 'Fouron-Saint-Pierre'),
(753, 1, 5504, 'Foy-Notre-Dame'),
(754, 1, 4870, 'Fraipont'),
(755, 1, 5650, 'Fraire'),
(756, 1, 4557, 'Fraiture'),
(757, 1, 7080, 'Frameries'),
(758, 1, 6853, 'Framont'),
(759, 1, 5380, 'Franc-Waret'),
(760, 1, 5600, 'Franchimont'),
(761, 1, 4970, 'Francorchamps'),
(762, 1, 5150, 'Franière'),
(763, 1, 5660, 'Frasnes'),
(764, 1, 7911, 'Frasnes-lez-Buissenal'),
(765, 1, 6210, 'Frasnes-lez-Gosselies'),
(766, 1, 4347, 'Freloux'),
(767, 1, 6800, 'Freux'),
(768, 1, 6440, 'Froidchapelle'),
(769, 1, 5576, 'Froidfontaine'),
(770, 1, 7504, 'Froidmont'),
(771, 1, 6990, 'Fronville'),
(772, 1, 7503, 'Froyennes'),
(773, 1, 4260, 'Fumal'),
(774, 1, 5500, 'Furfooz'),
(775, 1, 5641, 'Furnaux'),
(776, 1, 1750, 'Gaasbeek'),
(777, 1, 7943, 'Gages'),
(778, 1, 7906, 'Gallaix'),
(779, 1, 1570, 'Galmaarden'),
(780, 1, 1083, 'Ganshoren'),
(781, 1, 7530, 'Gaurain-Ramecroix'),
(782, 1, 9890, 'Gavere'),
(783, 1, 5575, 'Gedinne'),
(784, 1, 2440, 'Geel'),
(785, 1, 4250, 'Geer'),
(786, 1, 1367, 'Geest-Gérompont-Petit-Rosière'),
(787, 1, 3450, 'Geetbets'),
(788, 1, 5024, 'Gelbressée'),
(789, 1, 3800, 'Gelinden'),
(790, 1, 3620, 'Gellik'),
(791, 1, 3200, 'Gelrode'),
(792, 1, 8980, 'Geluveld'),
(793, 1, 8940, 'Geluwe'),
(794, 1, 6929, 'Gembes'),
(795, 1, 5030, 'Gembloux'),
(796, 1, 4851, 'Gemmenich'),
(797, 1, 1470, 'Genappe'),
(798, 1, 3600, 'Genk'),
(799, 1, 7040, 'Genly'),
(800, 1, 3770, 'Genoelselderen'),
(801, 1, 9000, 'Gent'),
(802, 1, 9099, 'Gent X'),
(803, 1, 9050, 'Gentbrugge'),
(804, 1, 1450, 'Gentinnes'),
(805, 1, 1332, 'Genval'),
(806, 1, 9500, 'Geraardsbergen'),
(807, 1, 3960, 'Gerdingen'),
(808, 1, 5524, 'Gérin'),
(809, 1, 1367, 'Gérompont'),
(810, 1, 6769, 'Gérouville'),
(811, 1, 6280, 'Gerpinnes'),
(812, 1, 2590, 'Gestel'),
(813, 1, 5340, 'Gesves'),
(814, 1, 7822, 'Ghislenghien'),
(815, 1, 7011, 'Ghlin'),
(816, 1, 7863, 'Ghoy'),
(817, 1, 7823, 'Gibecq'),
(818, 1, 2275, 'Gierle'),
(819, 1, 8691, 'Gijverinkhove'),
(820, 1, 9308, 'Gijzegem'),
(821, 1, 8570, 'Gijzelbrechtegem'),
(822, 1, 9860, 'Gijzenzele'),
(823, 1, 6060, 'Gilly'),
(824, 1, 5680, 'Gimnée'),
(825, 1, 3890, 'Gingelom'),
(826, 1, 8470, 'Gistel'),
(827, 1, 8830, 'Gits'),
(828, 1, 7041, 'Givry'),
(829, 1, 1473, 'Glabais'),
(830, 1, 3380, 'Glabbeek'),
(831, 1, 4000, 'Glain'),
(832, 1, 4400, 'Gleixhe'),
(833, 1, 1315, 'Glimes'),
(834, 1, 4690, 'Glons'),
(835, 1, 5680, 'Gochenée'),
(836, 1, 7160, 'Godarville'),
(837, 1, 5530, 'Godinne'),
(838, 1, 9620, 'Godveerdegem'),
(839, 1, 4834, 'Goé'),
(840, 1, 9500, 'Goeferdinge'),
(841, 1, 7040, 'Goegnies-Chaussée'),
(842, 1, 5353, 'Goesnes'),
(843, 1, 3300, 'Goetsenhoven'),
(844, 1, 4140, 'Gomzé-Andoumont'),
(845, 1, 7830, 'Gondregnies'),
(846, 1, 5660, 'Gonrieux'),
(847, 1, 9090, 'Gontrode'),
(848, 1, 1755, 'Gooik'),
(849, 1, 3840, 'Gors-Opleeuw'),
(850, 1, 3803, 'Gorsem'),
(851, 1, 6041, 'Gosselies'),
(852, 1, 3840, 'Gotem'),
(853, 1, 9800, 'Gottem'),
(854, 1, 7070, 'Gottignies'),
(855, 1, 6280, 'Gougnies'),
(856, 1, 5651, 'Gourdinne'),
(857, 1, 6030, 'Goutroux'),
(858, 1, 6670, 'Gouvy'),
(859, 1, 6181, 'Gouy-lez-Piéton'),
(860, 1, 6534, 'Gozée'),
(861, 1, 4460, 'Grâce-Berleur'),
(862, 1, 4460, 'Grâce-Hollogne'),
(863, 1, 5555, 'Graide'),
(864, 1, 9800, 'Grammene'),
(865, 1, 4300, 'Grand-Axhe'),
(866, 1, 4280, 'Grand-Hallet'),
(867, 1, 6698, 'Grand-Halleux'),
(868, 1, 5031, 'Grand-Leez'),
(869, 1, 5030, 'Grand-Manil'),
(870, 1, 4650, 'Grand-Rechain'),
(871, 1, 6560, 'Grand-Reng'),
(872, 1, 1367, 'Grand-Rosière-Hottomont'),
(873, 1, 7973, 'Grandglise'),
(874, 1, 6940, 'Grandhan'),
(875, 1, 6960, 'Grandménil'),
(876, 1, 7900, 'Grandmetz'),
(877, 1, 6470, 'Grandrieu'),
(878, 1, 4360, 'Grandville'),
(879, 1, 6840, 'Grandvoir'),
(880, 1, 6840, 'Grapfontaine'),
(881, 1, 7830, 'Graty'),
(882, 1, 5640, 'Graux'),
(883, 1, 3450, 'Grazen'),
(884, 1, 9200, 'Grembergen'),
(885, 1, 1390, 'Grez-Doiceau'),
(886, 1, 1850, 'Grimbergen'),
(887, 1, 9506, 'Grimminge'),
(888, 1, 4030, 'Grivegnée'),
(889, 1, 2280, 'Grobbendonk'),
(890, 1, 1702, 'Groot-Bijgaarden'),
(891, 1, 3800, 'Groot-Gelmen'),
(892, 1, 3840, 'Groot-Loon'),
(893, 1, 5555, 'Gros-Fays'),
(894, 1, 7950, 'Grosage'),
(895, 1, 3990, 'Grote-Brogel'),
(896, 1, 3740, 'Grote-Spouwen'),
(897, 1, 9620, 'Grotenberge'),
(898, 1, 3670, 'Gruitrode'),
(899, 1, 6952, 'Grune'),
(900, 1, 6927, 'Grupont'),
(901, 1, 7620, 'Guignies'),
(902, 1, 3723, 'Guigoven'),
(903, 1, 6704, 'Guirsch'),
(904, 1, 8560, 'Gullegem'),
(905, 1, 3870, 'Gutshoven'),
(906, 1, 3150, 'Haacht'),
(907, 1, 9450, 'Haaltert'),
(908, 1, 9120, 'Haasdonk'),
(909, 1, 3053, 'Haasrode'),
(910, 1, 6720, 'Habay-la-Neuve'),
(911, 1, 6723, 'Habay-la-Vieille'),
(912, 1, 6782, 'Habergy'),
(913, 1, 4684, 'Haccourt'),
(914, 1, 6720, 'Hachy'),
(915, 1, 7911, 'Hacquegnies'),
(916, 1, 5351, 'Haillot'),
(917, 1, 7100, 'Haine-Saint-Paul'),
(918, 1, 7100, 'Haine-Saint-Pierre'),
(919, 1, 7350, 'Hainin'),
(920, 1, 3300, 'Hakendover'),
(921, 1, 6792, 'Halanzy'),
(922, 1, 3545, 'Halen'),
(923, 1, 2220, 'Hallaar'),
(924, 1, 1500, 'Halle'),
(925, 1, 2980, 'Halle'),
(926, 1, 3440, 'Halle-Booienhoven'),
(927, 1, 6986, 'Halleux'),
(928, 1, 6922, 'Halma'),
(929, 1, 3800, 'Halmaal'),
(930, 1, 5340, 'Haltinne'),
(931, 1, 6120, 'Ham-sur-Heure'),
(932, 1, 5190, 'Ham-sur-Sambre'),
(933, 1, 6840, 'Hamipré'),
(934, 1, 1785, 'Hamme'),
(935, 1, 9220, 'Hamme'),
(936, 1, 1320, 'Hamme-Mille'),
(937, 1, 4180, 'Hamoir'),
(938, 1, 5360, 'Hamois'),
(939, 1, 3930, 'Hamont'),
(940, 1, 6990, 'Hampteau'),
(941, 1, 5580, 'Han-sur-Lesse'),
(942, 1, 8610, 'Handzame'),
(943, 1, 4357, 'Haneffe'),
(944, 1, 4210, 'Hannêche'),
(945, 1, 4280, 'Hannut'),
(946, 1, 5310, 'Hanret'),
(947, 1, 9850, 'Hansbeke'),
(948, 1, 6560, 'Hantes-Wihéries'),
(949, 1, 5621, 'Hanzinelle'),
(950, 1, 5621, 'Hanzinne'),
(951, 1, 7321, 'Harchies'),
(952, 1, 8530, 'Harelbeke'),
(953, 1, 1130, 'Haren'),
(954, 1, 3700, 'Haren'),
(955, 1, 3840, 'Haren'),
(956, 1, 6900, 'Hargimont'),
(957, 1, 7022, 'Harmignies'),
(958, 1, 6767, 'Harnoncourt'),
(959, 1, 6960, 'Harre'),
(960, 1, 6950, 'Harsin'),
(961, 1, 7022, 'Harveng'),
(962, 1, 4920, 'Harzé'),
(963, 1, 3500, 'Hasselt'),
(964, 1, 5540, 'Hastière-Lavaux'),
(965, 1, 5541, 'Hastière-par-Delà'),
(966, 1, 6870, 'Hatrival'),
(967, 1, 7120, 'Haulchin'),
(968, 1, 4730, 'Hauset'),
(969, 1, 6929, 'Haut-Fays'),
(970, 1, 1461, 'Haut-Ittre'),
(971, 1, 5537, 'Haut-le-Wastia'),
(972, 1, 7334, 'Hautrage'),
(973, 1, 7041, 'Havay'),
(974, 1, 5370, 'Havelange'),
(975, 1, 5590, 'Haversin'),
(976, 1, 7531, 'Havinnes'),
(977, 1, 7021, 'Havré'),
(978, 1, 3940, 'Hechtel'),
(979, 1, 5543, 'Heer'),
(980, 1, 3870, 'Heers'),
(981, 1, 3740, 'Hees'),
(982, 1, 8551, 'Heestert'),
(983, 1, 2801, 'Heffen'),
(984, 1, 1670, 'Heikruis'),
(985, 1, 2830, 'Heindonk'),
(986, 1, 6700, 'Heinsch'),
(987, 1, 8301, 'Heist-aan-Zee'),
(988, 1, 2220, 'Heist-op-den-Berg'),
(989, 1, 1790, 'Hekelgem'),
(990, 1, 3870, 'Heks'),
(991, 1, 8587, 'Helchin'),
(992, 1, 3530, 'Helchteren'),
(993, 1, 9450, 'Heldergem'),
(994, 1, 3440, 'Helen-Bos'),
(995, 1, 7830, 'Hellebecq'),
(996, 1, 9571, 'Hemelveerdegem'),
(997, 1, 2620, 'Hemiksem'),
(998, 1, 5380, 'Hemptinne'),
(999, 1, 5620, 'Hemptinne-lez-Florennes'),
(1000, 1, 3840, 'Hendrieken'),
(1001, 1, 3700, 'Henis'),
(1002, 1, 7090, 'Hennuyères'),
(1003, 1, 4841, 'Henri-Chapelle'),
(1004, 1, 7090, 'Henripont'),
(1005, 1, 7350, 'Hensies'),
(1006, 1, 3971, 'Heppen'),
(1007, 1, 4771, 'Heppenbach'),
(1008, 1, 6220, 'Heppignies'),
(1009, 1, 6887, 'Herbeumont'),
(1010, 1, 7050, 'Herchies'),
(1011, 1, 3770, 'Herderen'),
(1012, 1, 9310, 'Herdersem'),
(1013, 1, 3020, 'Herent'),
(1014, 1, 2200, 'Herentals'),
(1015, 1, 2270, 'Herenthout'),
(1016, 1, 1540, 'Herfelingen'),
(1017, 1, 4728, 'Hergenrath'),
(1018, 1, 7742, 'Hérinnes-lez-Pecq'),
(1019, 1, 3540, 'Herk-de-Stad'),
(1020, 1, 4681, 'Hermalle-sous-Argenteau'),
(1021, 1, 4480, 'Hermalle-sous-Huy'),
(1022, 1, 4680, 'Hermée'),
(1023, 1, 5540, 'Hermeton-sur-Meuse'),
(1024, 1, 1540, 'Herne'),
(1025, 1, 4217, 'Héron'),
(1026, 1, 7911, 'Herquegies'),
(1027, 1, 7712, 'Herseaux'),
(1028, 1, 2230, 'Herselt'),
(1029, 1, 4040, 'Herstal'),
(1030, 1, 3717, 'Herstappe'),
(1031, 1, 7522, 'Hertain'),
(1032, 1, 3831, 'Herten'),
(1033, 1, 8020, 'Hertsberge'),
(1034, 1, 4650, 'Herve'),
(1035, 1, 9550, 'Herzele'),
(1036, 1, 8501, 'Heule'),
(1037, 1, 5377, 'Heure'),
(1038, 1, 4682, 'Heure-le-Romain'),
(1039, 1, 9700, 'Heurne'),
(1040, 1, 3550, 'Heusden'),
(1041, 1, 9070, 'Heusden'),
(1042, 1, 3550, 'Heusden-Zolder'),
(1043, 1, 4802, 'Heusy'),
(1044, 1, 3191, 'Hever'),
(1045, 1, 3001, 'Heverlee'),
(1046, 1, 1435, 'Hévillers'),
(1047, 1, 6941, 'Heyd'),
(1048, 1, 1733, 'HighCo DATA'),
(1049, 1, 9550, 'Hillegem'),
(1050, 1, 2880, 'Hingene'),
(1051, 1, 5380, 'Hingeon'),
(1052, 1, 6984, 'Hives'),
(1053, 1, 2660, 'Hoboken'),
(1054, 1, 4351, 'Hodeige'),
(1055, 1, 6987, 'Hodister'),
(1056, 1, 4162, 'Hody'),
(1057, 1, 3320, 'Hoegaarden'),
(1058, 1, 1560, 'Hoeilaart'),
(1059, 1, 8340, 'Hoeke'),
(1060, 1, 3746, 'Hoelbeek'),
(1061, 1, 3471, 'Hoeleden'),
(1062, 1, 3840, 'Hoepertingen'),
(1063, 1, 3730, 'Hoeselt'),
(1064, 1, 2940, 'Hoevenen'),
(1065, 1, 1981, 'Hofstade'),
(1066, 1, 9308, 'Hofstade'),
(1067, 1, 5377, 'Hogne'),
(1068, 1, 4342, 'Hognoul'),
(1069, 1, 7620, 'Hollain'),
(1070, 1, 6637, 'Hollange'),
(1071, 1, 8902, 'Hollebeke'),
(1072, 1, 4460, 'Hollogne-aux-Pierres'),
(1073, 1, 4250, 'Hollogne-sur-Geer'),
(1074, 1, 3220, 'Holsbeek'),
(1075, 1, 2811, 'Hombeek'),
(1076, 1, 4852, 'Hombourg'),
(1077, 1, 6640, 'Hompré'),
(1078, 1, 6780, 'Hondelange'),
(1079, 1, 5570, 'Honnay'),
(1080, 1, 8830, 'Hooglede'),
(1081, 1, 8690, 'Hoogstade'),
(1082, 1, 2320, 'Hoogstraten'),
(1083, 1, 4460, 'Horion-Hozémont'),
(1084, 1, 7301, 'Hornu'),
(1085, 1, 3870, 'Horpmaal'),
(1086, 1, 7060, 'Horrues'),
(1087, 1, 6990, 'Hotton'),
(1088, 1, 6724, 'Houdemont'),
(1089, 1, 7110, 'Houdeng-Aimeries'),
(1090, 1, 7110, 'Houdeng-Goegnies'),
(1091, 1, 5575, 'Houdremont'),
(1092, 1, 6660, 'Houffalize'),
(1093, 1, 5563, 'Hour'),
(1094, 1, 4671, 'Housse'),
(1095, 1, 1476, 'Houtain-le-Val'),
(1096, 1, 4682, 'Houtain-Saint-Siméon'),
(1097, 1, 7812, 'Houtaing'),
(1098, 1, 8377, 'Houtave'),
(1099, 1, 8630, 'Houtem'),
(1100, 1, 3530, 'Houthalen'),
(1101, 1, 7781, 'Houthem'),
(1102, 1, 8650, 'Houthulst'),
(1103, 1, 2235, 'Houtvenne'),
(1104, 1, 3390, 'Houwaart'),
(1105, 1, 5530, 'Houx'),
(1106, 1, 5560, 'Houyet'),
(1107, 1, 2540, 'Hove'),
(1108, 1, 7830, 'Hoves'),
(1109, 1, 7624, 'Howardries'),
(1110, 1, 4520, 'Huccorgne'),
(1111, 1, 9750, 'Huise'),
(1112, 1, 7950, 'Huissignies'),
(1113, 1, 1654, 'Huizingen'),
(1114, 1, 3040, 'Huldenberg'),
(1115, 1, 2235, 'Hulshout'),
(1116, 1, 5560, 'Hulsonniaux'),
(1117, 1, 8531, 'Hulste'),
(1118, 1, 6900, 'Humain'),
(1119, 1, 1851, 'Humbeek'),
(1120, 1, 9630, 'Hundelgem'),
(1121, 1, 1367, 'Huppaye'),
(1122, 1, 4500, 'Huy'),
(1123, 1, 7022, 'Hyon'),
(1124, 1, 8480, 'Ichtegem'),
(1125, 1, 9472, 'Iddergem'),
(1126, 1, 9506, 'Idegem'),
(1127, 1, 8900, 'Ieper'),
(1128, 1, 9340, 'Impe'),
(1129, 1, 1315, 'Incourt'),
(1130, 1, 8770, 'Ingelmunster'),
(1131, 1, 8570, 'Ingooigem'),
(1132, 1, 1041, 'International Press Center'),
(1133, 1, 7801, 'Irchonwelz'),
(1134, 1, 7822, 'Isières'),
(1135, 1, 5032, 'Isnes'),
(1136, 1, 2222, 'Itegem'),
(1137, 1, 1701, 'Itterbeek'),
(1138, 1, 1460, 'Ittre'),
(1139, 1, 4400, 'Ivoz-Ramet'),
(1140, 1, 1050, 'Ixelles'),
(1141, 1, 8870, 'Izegem'),
(1142, 1, 6810, 'Izel'),
(1143, 1, 8691, 'Izenberge'),
(1144, 1, 6941, 'Izier'),
(1145, 1, 8490, 'Jabbeke'),
(1146, 1, 4845, 'Jalhay'),
(1147, 1, 5354, 'Jallet'),
(1148, 1, 5600, 'Jamagne'),
(1149, 1, 5100, 'Jambes'),
(1150, 1, 5600, 'Jamiolle'),
(1151, 1, 6120, 'Jamioulx'),
(1152, 1, 6810, 'Jamoigne'),
(1153, 1, 1350, 'Jandrain-Jandrenouille'),
(1154, 1, 1350, 'Jauche'),
(1155, 1, 1370, 'Jauchelette'),
(1156, 1, 5570, 'Javingue'),
(1157, 1, 4540, 'Jehay'),
(1158, 1, 6880, 'Jehonville'),
(1159, 1, 7012, 'Jemappes'),
(1160, 1, 5580, 'Jemelle'),
(1161, 1, 5589, 'Jemelle'),
(1162, 1, 4101, 'Jemeppe-sur-Meuse'),
(1163, 1, 5190, 'Jemeppe-sur-Sambre'),
(1164, 1, 4357, 'Jeneffe'),
(1165, 1, 5370, 'Jeneffe'),
(1166, 1, 3840, 'Jesseren'),
(1167, 1, 1090, 'Jette'),
(1168, 1, 3890, 'Jeuk'),
(1169, 1, 1370, 'Jodoigne'),
(1170, 1, 1370, 'Jodoigne-Souveraine'),
(1171, 1, 7620, 'Jollain-Merlin'),
(1172, 1, 6280, 'Joncret'),
(1173, 1, 4650, 'Julémont'),
(1174, 1, 6040, 'Jumet'),
(1175, 1, 4020, 'Jupille-sur-Meuse'),
(1176, 1, 4450, 'Juprelle'),
(1177, 1, 7050, 'Jurbise'),
(1178, 1, 6642, 'Juseret'),
(1179, 1, 8600, 'Kaaskerke'),
(1180, 1, 8870, 'Kachtem'),
(1181, 1, 3293, 'Kaggevinne'),
(1182, 1, 7540, 'Kain'),
(1183, 1, 9270, 'Kalken'),
(1184, 1, 9120, 'Kallo'),
(1185, 1, 9130, 'Kallo'),
(1186, 1, 2920, 'Kalmthout'),
(1187, 1, 1910, 'Kampenhout'),
(1188, 1, 8700, 'Kanegem'),
(1189, 1, 3770, 'Kanne'),
(1190, 1, 1880, 'Kapelle-op-den-Bos'),
(1191, 1, 2950, 'Kapellen'),
(1192, 1, 3381, 'Kapellen'),
(1193, 1, 9970, 'Kaprijke'),
(1194, 1, 8572, 'Kaster'),
(1195, 1, 2460, 'Kasterlee'),
(1196, 1, 3950, 'Kaulille'),
(1197, 1, 3140, 'Keerbergen'),
(1198, 1, 8600, 'Keiem'),
(1199, 1, 4367, 'Kemexhe'),
(1200, 1, 8956, 'Kemmel'),
(1201, 1, 9190, 'Kemzeke'),
(1202, 1, 8581, 'Kerkhove'),
(1203, 1, 3370, 'Kerkom'),
(1204, 1, 3800, 'Kerkom-bij-Sint-Truiden'),
(1205, 1, 9451, 'Kerksken'),
(1206, 1, 3510, 'Kermt'),
(1207, 1, 3840, 'Kerniel'),
(1208, 1, 3472, 'Kersbeek-Miskom'),
(1209, 1, 2560, 'Kessel'),
(1210, 1, 3010, 'Kessel Lo'),
(1211, 1, 3640, 'Kessenich'),
(1212, 1, 1755, 'Kester'),
(1213, 1, 4701, 'Kettenis'),
(1214, 1, 5060, 'Keumiée'),
(1215, 1, 9130, 'Kieldrecht'),
(1216, 1, 3640, 'Kinrooi'),
(1217, 1, 3870, 'Klein-Gelmen'),
(1218, 1, 3990, 'Kleine-Brogel'),
(1219, 1, 3740, 'Kleine-Spouwen'),
(1220, 1, 8420, 'Klemskerke'),
(1221, 1, 8650, 'Klerken'),
(1222, 1, 9940, 'Kluizen'),
(1223, 1, 9910, 'Knesselare'),
(1224, 1, 8300, 'Knokke'),
(1225, 1, 1730, 'Kobbegem'),
(1226, 1, 8680, 'Koekelare'),
(1227, 1, 1081, 'Koekelberg'),
(1228, 1, 3582, 'Koersel'),
(1229, 1, 8670, 'Koksijde'),
(1230, 1, 3700, 'Kolmont'),
(1231, 1, 3840, 'Kolmont'),
(1232, 1, 2500, 'Koningshooikt'),
(1233, 1, 3700, 'Koninksem'),
(1234, 1, 2550, 'Kontich'),
(1235, 1, 8510, 'Kooigem'),
(1236, 1, 8000, 'Koolkerke'),
(1237, 1, 8851, 'Koolskamp'),
(1238, 1, 3060, 'Korbeek-Dijle'),
(1239, 1, 3360, 'Korbeek-Lo'),
(1240, 1, 8610, 'Kortemark'),
(1241, 1, 3470, 'Kortenaken'),
(1242, 1, 3070, 'Kortenberg'),
(1243, 1, 3720, 'Kortessem'),
(1244, 1, 3890, 'Kortijs'),
(1245, 1, 8500, 'Kortrijk'),
(1246, 1, 3220, 'Kortrijk-Dutsel'),
(1247, 1, 3850, 'Kozen'),
(1248, 1, 1950, 'Kraainem'),
(1249, 1, 8972, 'Krombeke'),
(1250, 1, 9150, 'Kruibeke'),
(1251, 1, 9770, 'Kruishoutem'),
(1252, 1, 3300, 'Kumtich'),
(1253, 1, 3511, 'Kuringen'),
(1254, 1, 3840, 'Kuttekoven'),
(1255, 1, 8520, 'Kuurne'),
(1256, 1, 3945, 'Kwaadmechelen'),
(1257, 1, 9690, 'Kwaremont'),
(1258, 1, 1320, 'l\'Écluse'),
(1259, 1, 6464, 'l\'Escaillère'),
(1260, 1, 7080, 'La Bouverie'),
(1261, 1, 4720, 'La Calamine'),
(1262, 1, 7611, 'La Glanerie'),
(1263, 1, 4987, 'La Gleize'),
(1264, 1, 7170, 'La Hestre'),
(1265, 1, 1310, 'La Hulpe'),
(1266, 1, 7100, 'La Louvière'),
(1267, 1, 4910, 'La Reid'),
(1268, 1, 6980, 'La Roche-en-Ardenne'),
(1269, 1, 3400, 'Laar'),
(1270, 1, 9270, 'Laarne'),
(1271, 1, 6567, 'Labuissière'),
(1272, 1, 6821, 'Lacuisine'),
(1273, 1, 7950, 'Ladeuze'),
(1274, 1, 1020, 'Laeken'),
(1275, 1, 5550, 'Laforêt'),
(1276, 1, 7890, 'Lahamaide'),
(1277, 1, 7522, 'Lamain'),
(1278, 1, 4800, 'Lambermont'),
(1279, 1, 6220, 'Lambusart'),
(1280, 1, 4350, 'Lamine'),
(1281, 1, 4210, 'Lamontzée'),
(1282, 1, 6767, 'Lamorteau'),
(1283, 1, 8600, 'Lampernisse'),
(1284, 1, 3620, 'Lanaken'),
(1285, 1, 4600, 'Lanaye'),
(1286, 1, 9850, 'Landegem'),
(1287, 1, 6111, 'Landelies'),
(1288, 1, 3400, 'Landen'),
(1289, 1, 5300, 'Landenne'),
(1290, 1, 9860, 'Landskouter'),
(1291, 1, 5651, 'Laneffe'),
(1292, 1, 3201, 'Langdorp'),
(1293, 1, 8920, 'Langemark'),
(1294, 1, 3650, 'Lanklaar'),
(1295, 1, 7800, 'Lanquesaint'),
(1296, 1, 4450, 'Lantin'),
(1297, 1, 4300, 'Lantremange'),
(1298, 1, 7622, 'Laplaigne'),
(1299, 1, 8340, 'Lapscheure'),
(1300, 1, 1380, 'Lasne-Chapelle-Saint-Lambert'),
(1301, 1, 1370, 'Lathuy'),
(1302, 1, 4261, 'Latinne'),
(1303, 1, 6761, 'Latour'),
(1304, 1, 3700, 'Lauw'),
(1305, 1, 8930, 'Lauwe'),
(1306, 1, 6681, 'Lavacherie'),
(1307, 1, 5580, 'Lavaux-Sainte-Anne'),
(1308, 1, 4217, 'Lavoir'),
(1309, 1, 5670, 'Le Mesnil'),
(1310, 1, 7070, 'Le Roeulx'),
(1311, 1, 5070, 'Le Roux'),
(1312, 1, 9280, 'Lebbeke'),
(1313, 1, 9340, 'Lede'),
(1314, 1, 9050, 'Ledeberg'),
(1315, 1, 8880, 'Ledegem'),
(1316, 1, 3061, 'Leefdaal'),
(1317, 1, 1755, 'Leerbeek'),
(1318, 1, 6142, 'Leernes'),
(1319, 1, 6530, 'Leers-et-Fosteau'),
(1320, 1, 7730, 'Leers-Nord'),
(1321, 1, 2811, 'Leest'),
(1322, 1, 9620, 'Leeuwergem'),
(1323, 1, 8432, 'Leffinge'),
(1324, 1, 6860, 'Léglise'),
(1325, 1, 5590, 'Leignon'),
(1326, 1, 8691, 'Leisele'),
(1327, 1, 8600, 'Leke'),
(1328, 1, 1502, 'Lembeek'),
(1329, 1, 9971, 'Lembeke'),
(1330, 1, 9820, 'Lemberge'),
(1331, 1, 8860, 'Lendelede'),
(1332, 1, 7870, 'Lens'),
(1333, 1, 4280, 'Lens-Saint-Remy'),
(1334, 1, 4250, 'Lens-Saint-Servais'),
(1335, 1, 4360, 'Lens-sur-Geer'),
(1336, 1, 3970, 'Leopoldsburg'),
(1337, 1, 4560, 'Les Avins'),
(1338, 1, 6811, 'Les Bulles'),
(1339, 1, 6830, 'Les Hayons'),
(1340, 1, 4317, 'Les Waleffes'),
(1341, 1, 7621, 'Lesdain'),
(1342, 1, 7860, 'Lessines'),
(1343, 1, 5580, 'Lessive'),
(1344, 1, 6953, 'Lesterny'),
(1345, 1, 5170, 'Lesve'),
(1346, 1, 9521, 'Letterhoutem'),
(1347, 1, 6500, 'Leugnies'),
(1348, 1, 9700, 'Leupegem'),
(1349, 1, 3630, 'Leut'),
(1350, 1, 3000, 'Leuven'),
(1351, 1, 5310, 'Leuze'),
(1352, 1, 7900, 'Leuze-en-Hainaut'),
(1353, 1, 6500, 'Leval-Chaudeville'),
(1354, 1, 7134, 'Leval-Trahegnies'),
(1355, 1, 6238, 'Liberchies'),
(1356, 1, 6890, 'Libin'),
(1357, 1, 6800, 'Libramont-Chevigny'),
(1358, 1, 2460, 'Lichtaart'),
(1359, 1, 8810, 'Lichtervelde'),
(1360, 1, 1770, 'Liedekerke'),
(1361, 1, 9400, 'Lieferinge'),
(1362, 1, 4000, 'Liège'),
(1363, 1, 4020, 'Liège'),
(1364, 1, 4099, 'Liège X'),
(1365, 1, 2500, 'Lier'),
(1366, 1, 4990, 'Lierneux'),
(1367, 1, 5310, 'Liernu'),
(1368, 1, 4042, 'Liers'),
(1369, 1, 2870, 'Liezele'),
(1370, 1, 7812, 'Ligne'),
(1371, 1, 4254, 'Ligney'),
(1372, 1, 5140, 'Ligny'),
(1373, 1, 2275, 'Lille'),
(1374, 1, 2040, 'Lillo'),
(1375, 1, 1428, 'Lillois-Witterzée'),
(1376, 1, 1300, 'Limal'),
(1377, 1, 4830, 'Limbourg'),
(1378, 1, 1342, 'Limelette'),
(1379, 1, 6670, 'Limerlé'),
(1380, 1, 4357, 'Limont'),
(1381, 1, 4287, 'Lincent'),
(1382, 1, 3210, 'Linden'),
(1383, 1, 1630, 'Linkebeek'),
(1384, 1, 3560, 'Linkhout'),
(1385, 1, 1357, 'Linsmeau'),
(1386, 1, 2547, 'Lint'),
(1387, 1, 3350, 'Linter'),
(1388, 1, 2890, 'Lippelo'),
(1389, 1, 5501, 'Lisogne'),
(1390, 1, 8380, 'Lissewege'),
(1391, 1, 5101, 'Lives-sur-Meuse'),
(1392, 1, 4600, 'Lixhe'),
(1393, 1, 8647, 'Lo'),
(1394, 1, 6540, 'Lobbes'),
(1395, 1, 9080, 'Lochristi'),
(1396, 1, 6042, 'Lodelinsart'),
(1397, 1, 2990, 'Loenhout'),
(1398, 1, 8958, 'Loker'),
(1399, 1, 9160, 'Lokeren'),
(1400, 1, 3545, 'Loksbergen'),
(1401, 1, 8434, 'Lombardsijde'),
(1402, 1, 7870, 'Lombise'),
(1403, 1, 3920, 'Lommel'),
(1404, 1, 4783, 'Lommersweiler'),
(1405, 1, 6463, 'Lompret'),
(1406, 1, 6924, 'Lomprez'),
(1407, 1, 4431, 'Loncin'),
(1408, 1, 1840, 'Londerzeel'),
(1409, 1, 5310, 'Longchamps'),
(1410, 1, 6688, 'Longchamps'),
(1411, 1, 6840, 'Longlier'),
(1412, 1, 1325, 'Longueville'),
(1413, 1, 6600, 'Longvilly'),
(1414, 1, 4710, 'Lontzen'),
(1415, 1, 5030, 'Lonzée'),
(1416, 1, 3040, 'Loonbeek'),
(1417, 1, 8210, 'Loppem'),
(1418, 1, 4987, 'Lorcé'),
(1419, 1, 1651, 'Lot'),
(1420, 1, 9880, 'Lotenhulle'),
(1421, 1, 5575, 'Louette-Saint-Denis'),
(1422, 1, 5575, 'Louette-Saint-Pierre'),
(1423, 1, 1471, 'Loupoigne'),
(1424, 1, 1348, 'Louvain-la-Neuve'),
(1425, 1, 4141, 'Louveigné'),
(1426, 1, 4920, 'Louveigné'),
(1427, 1, 9920, 'Lovendegem'),
(1428, 1, 3360, 'Lovenjoel'),
(1429, 1, 6280, 'Loverval'),
(1430, 1, 5101, 'Loyers'),
(1431, 1, 3210, 'Lubbeek'),
(1432, 1, 7700, 'Luingne'),
(1433, 1, 3560, 'Lummen'),
(1434, 1, 5170, 'Lustin'),
(1435, 1, 6238, 'Luttre'),
(1436, 1, 9680, 'Maarke-Kerkem'),
(1437, 1, 3680, 'Maaseik'),
(1438, 1, 3630, 'Maasmechelen'),
(1439, 1, 6663, 'Mabompré'),
(1440, 1, 1830, 'Machelen'),
(1441, 1, 9870, 'Machelen'),
(1442, 1, 6591, 'Macon'),
(1443, 1, 6593, 'Macquenoise'),
(1444, 1, 5374, 'Maffe'),
(1445, 1, 7810, 'Maffle'),
(1446, 1, 4623, 'Magnée'),
(1447, 1, 5330, 'Maillen'),
(1448, 1, 7812, 'Mainvault'),
(1449, 1, 7020, 'Maisières'),
(1450, 1, 6852, 'Maissin'),
(1451, 1, 5300, 'Maizeret'),
(1452, 1, 3700, 'Mal'),
(1453, 1, 9990, 'Maldegem'),
(1454, 1, 1840, 'Malderen'),
(1455, 1, 6960, 'Malempré'),
(1456, 1, 1360, 'Malèves-Sainte-Marie-Wastinnes'),
(1457, 1, 2390, 'Malle'),
(1458, 1, 4960, 'Malmedy'),
(1459, 1, 5020, 'Malonne'),
(1460, 1, 5575, 'Malvoisin'),
(1461, 1, 7170, 'Manage'),
(1462, 1, 4760, 'Manderfeld'),
(1463, 1, 8433, 'Mannekensvere'),
(1464, 1, 1380, 'Maransart'),
(1465, 1, 1495, 'Marbais'),
(1466, 1, 6120, 'Marbaix'),
(1467, 1, 6900, 'Marche-en-Famenne'),
(1468, 1, 5024, 'Marche-les-Dames'),
(1469, 1, 7190, 'Marche-lez-Écaussinnes'),
(1470, 1, 6030, 'Marchienne-au-Pont'),
(1471, 1, 4570, 'Marchin'),
(1472, 1, 7387, 'Marchipont'),
(1473, 1, 5380, 'Marchovelette'),
(1474, 1, 6001, 'Marcinelle'),
(1475, 1, 6987, 'Marcourt'),
(1476, 1, 7850, 'Marcq'),
(1477, 1, 6990, 'Marenne'),
(1478, 1, 9030, 'Mariakerke'),
(1479, 1, 2880, 'Mariekerke'),
(1480, 1, 5660, 'Mariembourg'),
(1481, 1, 1350, 'Marilles'),
(1482, 1, 8510, 'Marke'),
(1483, 1, 8720, 'Markegem'),
(1484, 1, 4210, 'Marneffe'),
(1485, 1, 7522, 'Marquain'),
(1486, 1, 6630, 'Martelange'),
(1487, 1, 3742, 'Martenslinde'),
(1488, 1, 5573, 'Martouzin-Neuville'),
(1489, 1, 6953, 'Masbourg'),
(1490, 1, 7050, 'Masnuy-Saint-Jean'),
(1491, 1, 7050, 'Masnuy-Saint-Pierre'),
(1492, 1, 9230, 'Massemen'),
(1493, 1, 2240, 'Massenhoven'),
(1494, 1, 5680, 'Matagne-la-Grande'),
(1495, 1, 5680, 'Matagne-la-Petite'),
(1496, 1, 9700, 'Mater'),
(1497, 1, 7640, 'Maubray'),
(1498, 1, 7534, 'Maulde'),
(1499, 1, 7110, 'Maurage'),
(1500, 1, 5670, 'Mazée'),
(1501, 1, 1745, 'Mazenzele'),
(1502, 1, 5032, 'Mazy'),
(1503, 1, 5372, 'Méan'),
(1504, 1, 2800, 'Mechelen'),
(1505, 1, 3630, 'Mechelen-aan-de-Maas'),
(1506, 1, 3870, 'Mechelen-Bovelingen'),
(1507, 1, 4219, 'Meeffe'),
(1508, 1, 3391, 'Meensel-Kiezegem'),
(1509, 1, 2321, 'Meer'),
(1510, 1, 3078, 'Meerbeek'),
(1511, 1, 9402, 'Meerbeke'),
(1512, 1, 9170, 'Meerdonk'),
(1513, 1, 2450, 'Meerhout'),
(1514, 1, 2328, 'Meerle'),
(1515, 1, 3630, 'Meeswijk'),
(1516, 1, 8377, 'Meetkerke'),
(1517, 1, 3670, 'Meeuwen'),
(1518, 1, 5310, 'Mehaigne'),
(1519, 1, 9800, 'Meigem'),
(1520, 1, 9630, 'Meilegem'),
(1521, 1, 1860, 'Meise'),
(1522, 1, 6769, 'Meix-devant-Virton'),
(1523, 1, 6747, 'Meix-le-Tige'),
(1524, 1, 9700, 'Melden'),
(1525, 1, 3320, 'Meldert'),
(1526, 1, 3560, 'Meldert'),
(1527, 1, 9310, 'Meldert'),
(1528, 1, 4633, 'Melen'),
(1529, 1, 1370, 'Mélin'),
(1530, 1, 3350, 'Melkwezer'),
(1531, 1, 9090, 'Melle'),
(1532, 1, 1495, 'Mellery'),
(1533, 1, 7540, 'Melles'),
(1534, 1, 6211, 'Mellet'),
(1535, 1, 6860, 'Mellier'),
(1536, 1, 1820, 'Melsbroek'),
(1537, 1, 9120, 'Melsele'),
(1538, 1, 9820, 'Melsen'),
(1539, 1, 4837, 'Membach'),
(1540, 1, 5550, 'Membre'),
(1541, 1, 3770, 'Membruggen'),
(1542, 1, 9042, 'Mendonk'),
(1543, 1, 8930, 'Menen'),
(1544, 1, 6567, 'Merbes-le-Château'),
(1545, 1, 6567, 'Merbes-Sainte-Marie'),
(1546, 1, 1785, 'Merchtem'),
(1547, 1, 4280, 'Merdorp'),
(1548, 1, 9420, 'Mere'),
(1549, 1, 9820, 'Merelbeke'),
(1550, 1, 9850, 'Merendree'),
(1551, 1, 8650, 'Merkem'),
(1552, 1, 2170, 'Merksem'),
(1553, 1, 2330, 'Merksplas'),
(1554, 1, 5600, 'Merlemont'),
(1555, 1, 7822, 'Meslin-l\'Évêque'),
(1556, 1, 5560, 'Mesnil-Eglise'),
(1557, 1, 5560, 'Mesnil-Saint-Blaise'),
(1558, 1, 9200, 'Mespelare'),
(1559, 1, 6780, 'Messancy'),
(1560, 1, 3272, 'Messelbroek'),
(1561, 1, 8957, 'Messines'),
(1562, 1, 7022, 'Mesvin'),
(1563, 1, 3870, 'Mettekoven'),
(1564, 1, 5640, 'Mettet'),
(1565, 1, 8760, 'Meulebeke'),
(1566, 1, 5081, 'Meux'),
(1567, 1, 7942, 'Mévergnies-lez-Lens'),
(1568, 1, 4770, 'Meyerode'),
(1569, 1, 9660, 'Michelbeke'),
(1570, 1, 4630, 'Micheroux'),
(1571, 1, 9992, 'Middelburg'),
(1572, 1, 8430, 'Middelkerke'),
(1573, 1, 5376, 'Miécret'),
(1574, 1, 3891, 'Mielen-boven-Aalst'),
(1575, 1, 7070, 'Mignault'),
(1576, 1, 3770, 'Millen'),
(1577, 1, 4041, 'Milmort'),
(1578, 1, 2322, 'Minderhout'),
(1579, 1, 1035, 'Ministère de la Région de Bruxelles Capitale'),
(1580, 1, 6870, 'Mirwart'),
(1581, 1, 4577, 'Modave'),
(1582, 1, 8552, 'Moen'),
(1583, 1, 9500, 'Moerbeke'),
(1584, 1, 9180, 'Moerbeke-Waas'),
(1585, 1, 8470, 'Moere'),
(1586, 1, 8340, 'Moerkerke'),
(1587, 1, 9220, 'Moerzeke'),
(1588, 1, 4520, 'Moha'),
(1589, 1, 5361, 'Mohiville'),
(1590, 1, 5060, 'Moignelée'),
(1591, 1, 6800, 'Moircy'),
(1592, 1, 2400, 'Mol'),
(1593, 1, 7760, 'Molenbaix'),
(1594, 1, 1080, 'Molenbeek-Saint-Jean'),
(1595, 1, 3461, 'Molenbeek-Wersbeek'),
(1596, 1, 3640, 'Molenbeersel'),
(1597, 1, 3294, 'Molenstede'),
(1598, 1, 1730, 'Mollem'),
(1599, 1, 4350, 'Momalle'),
(1600, 1, 6590, 'Momignies'),
(1601, 1, 5555, 'Monceau-en-Ardenne'),
(1602, 1, 6592, 'Monceau-Imbrechies'),
(1603, 1, 6031, 'Monceau-sur-Sambre'),
(1604, 1, 7000, 'Mons'),
(1605, 1, 4400, 'Mons-lez-Liège'),
(1606, 1, 1400, 'Monstreux'),
(1607, 1, 5530, 'Mont'),
(1608, 1, 6661, 'Mont'),
(1609, 1, 5580, 'Mont-Gauthier'),
(1610, 1, 1367, 'Mont-Saint-André'),
(1611, 1, 7542, 'Mont-Saint-Aubert'),
(1612, 1, 1435, 'Mont-Saint-Guibert'),
(1613, 1, 7141, 'Mont-Sainte-Aldegonde'),
(1614, 1, 6540, 'Mont-Sainte-Geneviève'),
(1615, 1, 6032, 'Mont-sur-Marchienne'),
(1616, 1, 6470, 'Montbliart'),
(1617, 1, 4420, 'Montegnée'),
(1618, 1, 3890, 'Montenaken'),
(1619, 1, 7870, 'Montignies-lez-Lens'),
(1620, 1, 6560, 'Montignies-Saint-Christophe'),
(1621, 1, 7387, 'Montignies-sur-Roc'),
(1622, 1, 6061, 'Montignies-sur-Sambre'),
(1623, 1, 6110, 'Montigny-le-Tilleul'),
(1624, 1, 6674, 'Montleban'),
(1625, 1, 7911, 'Montrul-au-Bois'),
(1626, 1, 7350, 'Montrul-sur-Haine'),
(1627, 1, 4850, 'Montzen'),
(1628, 1, 9310, 'Moorsel'),
(1629, 1, 8560, 'Moorsele'),
(1630, 1, 8890, 'Moorslede'),
(1631, 1, 9860, 'Moortsele'),
(1632, 1, 3740, 'Mopertingen'),
(1633, 1, 9790, 'Moregem'),
(1634, 1, 4850, 'Moresnet'),
(1635, 1, 6640, 'Morhet'),
(1636, 1, 5621, 'Morialmé'),
(1637, 1, 2200, 'Morkhoven'),
(1638, 1, 7140, 'Morlanwelz-Mariemont'),
(1639, 1, 6997, 'Mormont'),
(1640, 1, 5190, 'Mornimont'),
(1641, 1, 4670, 'Mortier'),
(1642, 1, 4607, 'Mortroux'),
(1643, 1, 2640, 'Mortsel'),
(1644, 1, 5620, 'Morville'),
(1645, 1, 3790, 'Mouland'),
(1646, 1, 7812, 'Moulbaix'),
(1647, 1, 7543, 'Mourcourt'),
(1648, 1, 7700, 'Mouscron'),
(1649, 1, 7911, 'Moustier'),
(1650, 1, 5190, 'Moustier-sur-Sambre'),
(1651, 1, 5550, 'Mouzaive'),
(1652, 1, 4280, 'Moxhe'),
(1653, 1, 5340, 'Mozet'),
(1654, 1, 2812, 'Muizen'),
(1655, 1, 3891, 'Muizen'),
(1656, 1, 9700, 'Mullem'),
(1657, 1, 9630, 'Munkzwalm'),
(1658, 1, 6820, 'Muno'),
(1659, 1, 3740, 'Munsterbilzen'),
(1660, 1, 9820, 'Munte'),
(1661, 1, 6750, 'Musson'),
(1662, 1, 6750, 'Mussy-la-Ville'),
(1663, 1, 4190, 'My'),
(1664, 1, 7062, 'Naast'),
(1665, 1, 6660, 'Nadrin'),
(1666, 1, 5550, 'Nafraiture'),
(1667, 1, 6120, 'Nalinnes'),
(1668, 1, 5300, 'Namêche'),
(1669, 1, 5000, 'Namur'),
(1670, 1, 4550, 'Nandrin'),
(1671, 1, 5100, 'Naninne'),
(1672, 1, 5555, 'Naomé'),
(1673, 1, 6950, 'Nassogne'),
(1674, 1, 5360, 'Natoye'),
(1675, 1, 9810, 'Nazareth'),
(1676, 1, 7730, 'Néchin'),
(1677, 1, 1120, 'Neder-Over-Heembeek'),
(1678, 1, 9500, 'Nederboelare'),
(1679, 1, 9660, 'Nederbrakel'),
(1680, 1, 9700, 'Nederename'),
(1681, 1, 9400, 'Nederhasselt'),
(1682, 1, 1910, 'Nederokkerzeel'),
(1683, 1, 9636, 'Nederzwalm-Hermelgem'),
(1684, 1, 3670, 'Neerglabbeek'),
(1685, 1, 3620, 'Neerharen'),
(1686, 1, 3350, 'Neerhespen'),
(1687, 1, 1357, 'Neerheylissem'),
(1688, 1, 3040, 'Neerijse'),
(1689, 1, 3404, 'Neerlanden'),
(1690, 1, 3350, 'Neerlinter'),
(1691, 1, 3680, 'Neeroeteren'),
(1692, 1, 3910, 'Neerpelt'),
(1693, 1, 3700, 'Neerrepen'),
(1694, 1, 3370, 'Neervelp'),
(1695, 1, 3400, 'Neerwinden'),
(1696, 1, 9403, 'Neigem'),
(1697, 1, 3700, 'Nerem'),
(1698, 1, 4870, 'Nessonvaux'),
(1699, 1, 1390, 'Nethen'),
(1700, 1, 5377, 'Nettinne'),
(1701, 1, 4721, 'Neu-Moresnet'),
(1702, 1, 4608, 'Neufchâteau'),
(1703, 1, 6840, 'Neufchâteau'),
(1704, 1, 7332, 'Neufmaison'),
(1705, 1, 7063, 'Neufvilles'),
(1706, 1, 5600, 'Neuville'),
(1707, 1, 4121, 'Neuville-en-Condroz'),
(1708, 1, 9850, 'Nevele'),
(1709, 1, 2845, 'Niel'),
(1710, 1, 3668, 'Niel-bij-As'),
(1711, 1, 3890, 'Niel-bij-Sint-Truiden'),
(1712, 1, 9506, 'Nieuwenhove'),
(1713, 1, 1880, 'Nieuwenrode'),
(1714, 1, 3850, 'Nieuwerkerken'),
(1715, 1, 9320, 'Nieuwerkerken'),
(1716, 1, 8600, 'Nieuwkapelle'),
(1717, 1, 8950, 'Nieuwkerke'),
(1718, 1, 9100, 'Nieuwkerken-Waas'),
(1719, 1, 8377, 'Nieuwmunster'),
(1720, 1, 8620, 'Nieuwpoort'),
(1721, 1, 3221, 'Nieuwrode'),
(1722, 1, 2560, 'Nijlen'),
(1723, 1, 1457, 'Nil-Saint-Vincent-Saint-Martin'),
(1724, 1, 7020, 'Nimy'),
(1725, 1, 9400, 'Ninove'),
(1726, 1, 5670, 'Nismes'),
(1727, 1, 1400, 'Nivelles'),
(1728, 1, 5680, 'Niverlée'),
(1729, 1, 6640, 'Nives'),
(1730, 1, 6717, 'Nobressart'),
(1731, 1, 1320, 'Nodebais'),
(1732, 1, 1350, 'Noduwez'),
(1733, 1, 7080, 'Noirchain'),
(1734, 1, 6831, 'Noirfontaine'),
(1735, 1, 5377, 'Noiseux'),
(1736, 1, 9771, 'Nokere'),
(1737, 1, 6851, 'Nollevaux'),
(1738, 1, 2200, 'Noorderwijk'),
(1739, 1, 8647, 'Noordschote'),
(1740, 1, 1930, 'Nossegem'),
(1741, 1, 6717, 'Nothomb'),
(1742, 1, 7022, 'Nouvelles'),
(1743, 1, 4347, 'Noville'),
(1744, 1, 6600, 'Noville'),
(1745, 1, 5380, 'Noville-les-Bois'),
(1746, 1, 5310, 'Noville-sur-Mehaigne'),
(1747, 1, 9681, 'Nukerke'),
(1748, 1, 6230, 'Obaix'),
(1749, 1, 7743, 'Obigies'),
(1750, 1, 7034, 'Obourg'),
(1751, 1, 6890, 'Ochamps'),
(1752, 1, 4560, 'Ocquier'),
(1753, 1, 6960, 'Odeigne'),
(1754, 1, 4367, 'Odeur'),
(1755, 1, 8730, 'Oedelem'),
(1756, 1, 8800, 'Oekene'),
(1757, 1, 2520, 'Oelegem'),
(1758, 1, 8690, 'Oeren'),
(1759, 1, 8720, 'Oeselgem'),
(1760, 1, 1755, 'Oetingen'),
(1761, 1, 7911, 'Oeudeghien'),
(1762, 1, 2260, 'Oevel'),
(1763, 1, 6850, 'Offagne'),
(1764, 1, 1934, 'Office Exchange Brussels Airport Remailing'),
(1765, 1, 7862, 'Ogy'),
(1766, 1, 1380, 'Ohain'),
(1767, 1, 5350, 'Ohey'),
(1768, 1, 5670, 'Oignies-en-Thiérache'),
(1769, 1, 1480, 'Oisquercq'),
(1770, 1, 5555, 'Oizy'),
(1771, 1, 9400, 'Okegem'),
(1772, 1, 2250, 'Olen'),
(1773, 1, 4300, 'Oleye'),
(1774, 1, 7866, 'Ollignies'),
(1775, 1, 5670, 'Olloy-Sur-Viroin'),
(1776, 1, 2491, 'Olmen'),
(1777, 1, 4877, 'Olne'),
(1778, 1, 9870, 'Olsene'),
(1779, 1, 4252, 'Omal'),
(1780, 1, 4540, 'Ombret'),
(1781, 1, 5600, 'Omezée'),
(1782, 1, 6900, 'On'),
(1783, 1, 5520, 'Onhaye'),
(1784, 1, 9500, 'Onkerzele'),
(1785, 1, 7387, 'Onnezies'),
(1786, 1, 5190, 'Onoz'),
(1787, 1, 1760, 'Onze-Lieve-Vrouw-Lombeek'),
(1788, 1, 2861, 'Onze-Lieve-Vrouw-Waver'),
(1789, 1, 8710, 'Ooigem'),
(1790, 1, 9700, 'Ooike'),
(1791, 1, 9790, 'Ooike'),
(1792, 1, 9520, 'Oombergen'),
(1793, 1, 9620, 'Oombergen'),
(1794, 1, 3300, 'Oorbeek'),
(1795, 1, 9340, 'Oordegem'),
(1796, 1, 9041, 'Oostakker'),
(1797, 1, 8670, 'Oostduinkerke'),
(1798, 1, 9968, 'Oosteeklo'),
(1799, 1, 8400, 'Oostende'),
(1800, 1, 9860, 'Oosterzele'),
(1801, 1, 3945, 'Oostham'),
(1802, 1, 8020, 'Oostkamp'),
(1803, 1, 8340, 'Oostkerke'),
(1804, 1, 8600, 'Oostkerke'),
(1805, 1, 2390, 'Oostmalle'),
(1806, 1, 8840, 'Oostnieuwkerke'),
(1807, 1, 8780, 'Oostrozebeke'),
(1808, 1, 8640, 'Oostvleteren'),
(1809, 1, 9931, 'Oostwinkel'),
(1810, 1, 9660, 'Opbrakel'),
(1811, 1, 9255, 'Opdorp'),
(1812, 1, 3660, 'Opglabbeek'),
(1813, 1, 3630, 'Opgrimbie'),
(1814, 1, 1421, 'Ophain-Bois-Seigneur-Isaac'),
(1815, 1, 9500, 'Ophasselt'),
(1816, 1, 3870, 'Opheers'),
(1817, 1, 1357, 'Opheylissem'),
(1818, 1, 3640, 'Ophoven'),
(1819, 1, 3960, 'Opitter'),
(1820, 1, 3300, 'Oplinter'),
(1821, 1, 3680, 'Opoeteren'),
(1822, 1, 6852, 'Opont'),
(1823, 1, 1315, 'Opprebais'),
(1824, 1, 2890, 'Oppuurs'),
(1825, 1, 3360, 'Opvelp'),
(1826, 1, 1745, 'Opwijk'),
(1827, 1, 1360, 'Orbais'),
(1828, 1, 5550, 'Orchimont'),
(1829, 1, 7501, 'Orcq'),
(1830, 1, 3800, 'Ordingen');
INSERT INTO `city` (`idCity`, `idCountry`, `postalCode`, `cityName`) VALUES
(1831, 1, 5640, 'Oret'),
(1832, 1, 4360, 'Oreye'),
(1833, 1, 1031, 'Organisations Sociales Chrétiennes'),
(1834, 1, 6880, 'Orgeo'),
(1835, 1, 7802, 'Ormeignies'),
(1836, 1, 1350, 'Orp-le-Grand'),
(1837, 1, 7750, 'Orroir'),
(1838, 1, 3350, 'Orsmaal-Gussenhoven'),
(1839, 1, 6983, 'Ortho'),
(1840, 1, 7804, 'Ostiches'),
(1841, 1, 1110, 'OTAN'),
(1842, 1, 8553, 'Otegem'),
(1843, 1, 4210, 'Oteppe'),
(1844, 1, 4340, 'Othée'),
(1845, 1, 4360, 'Otrange'),
(1846, 1, 3040, 'Ottenburg'),
(1847, 1, 9420, 'Ottergem'),
(1848, 1, 1340, 'Ottignies'),
(1849, 1, 3050, 'Oud-Heverlee'),
(1850, 1, 2360, 'Oud-Turnhout'),
(1851, 1, 9200, 'Oudegem'),
(1852, 1, 8600, 'Oudekapelle'),
(1853, 1, 9700, 'Oudenaarde'),
(1854, 1, 1600, 'Oudenaken'),
(1855, 1, 8460, 'Oudenburg'),
(1856, 1, 4590, 'Ouffet'),
(1857, 1, 4102, 'Ougrée'),
(1858, 1, 4680, 'Oupeye'),
(1859, 1, 9406, 'Outer'),
(1860, 1, 3321, 'Outgaarden'),
(1861, 1, 4577, 'Outrelouxhe'),
(1862, 1, 8582, 'Outrijve'),
(1863, 1, 9750, 'Ouwegem'),
(1864, 1, 9500, 'Overboelare'),
(1865, 1, 3350, 'Overhespen'),
(1866, 1, 3090, 'Overijse'),
(1867, 1, 9290, 'Overmere'),
(1868, 1, 3900, 'Overpelt'),
(1869, 1, 3700, 'Overrepen'),
(1870, 1, 3400, 'Overwinden'),
(1871, 1, 3583, 'Paal'),
(1872, 1, 4452, 'Paifve'),
(1873, 1, 4560, 'Pailhe'),
(1874, 1, 6850, 'Paliseul'),
(1875, 1, 1760, 'Pamel'),
(1876, 1, 7861, 'Papignies'),
(1877, 1, 9661, 'Parike'),
(1878, 1, 1012, 'Parlement de la Communauté française'),
(1879, 1, 1047, 'Parlement Européen'),
(1880, 1, 5012, 'Parlement Wallon'),
(1881, 1, 8980, 'Passendale'),
(1882, 1, 5575, 'Patignies'),
(1883, 1, 7340, 'Pâturages'),
(1884, 1, 9630, 'Paulatem'),
(1885, 1, 7740, 'Pecq'),
(1886, 1, 3990, 'Peer'),
(1887, 1, 7120, 'Peissant'),
(1888, 1, 4287, 'Pellaines'),
(1889, 1, 3212, 'Pellenberg'),
(1890, 1, 1670, 'Pepingen'),
(1891, 1, 4860, 'Pepinster'),
(1892, 1, 1820, 'Perk'),
(1893, 1, 7640, 'Péronnes-lez-Antoing'),
(1894, 1, 7134, 'Péronnes-lez-Binche'),
(1895, 1, 7600, 'Péruwelz'),
(1896, 1, 8600, 'Pervijze'),
(1897, 1, 1360, 'Perwez'),
(1898, 1, 5352, 'Perwez-Haillot'),
(1899, 1, 5660, 'Pesche'),
(1900, 1, 5590, 'Pessoux'),
(1901, 1, 9800, 'Petegem-aan-de-Leie'),
(1902, 1, 9790, 'Petegem-aan-de-Schelde'),
(1903, 1, 5660, 'Pétigny'),
(1904, 1, 7850, 'Petit-Enghien'),
(1905, 1, 5555, 'Petit-Fays'),
(1906, 1, 4280, 'Petit-Hallet'),
(1907, 1, 4800, 'Petit-Rechain'),
(1908, 1, 7090, 'Petit-Rulx-lez-Braine'),
(1909, 1, 7181, 'Petit-Rulx-lez-Nivelles'),
(1910, 1, 6692, 'Petit-Thier'),
(1911, 1, 5660, 'Petite-Chapelle'),
(1912, 1, 1800, 'Peutie'),
(1913, 1, 5600, 'Philippeville'),
(1914, 1, 7160, 'Piéton'),
(1915, 1, 1370, 'Piétrain'),
(1916, 1, 1315, 'Piétrebais'),
(1917, 1, 7904, 'Pipaix'),
(1918, 1, 3700, 'Piringen'),
(1919, 1, 6240, 'Pironchamps'),
(1920, 1, 8740, 'Pittem'),
(1921, 1, 4122, 'Plainevaux'),
(1922, 1, 1380, 'Plancenoit'),
(1923, 1, 7782, 'Ploegsteert'),
(1924, 1, 2275, 'Poederlee'),
(1925, 1, 9880, 'Poeke'),
(1926, 1, 8920, 'Poelkapelle'),
(1927, 1, 9850, 'Poesele'),
(1928, 1, 9401, 'Pollare'),
(1929, 1, 4800, 'Polleur'),
(1930, 1, 4910, 'Polleur'),
(1931, 1, 8647, 'Pollinkhove'),
(1932, 1, 7322, 'Pommeroeul'),
(1933, 1, 5574, 'Pondrôme'),
(1934, 1, 6230, 'Pont-à-Celles'),
(1935, 1, 6250, 'Pont-de-Loup'),
(1936, 1, 5380, 'Pontillas'),
(1937, 1, 8970, 'Poperinge'),
(1938, 1, 2382, 'Poppel'),
(1939, 1, 7760, 'Popuelles'),
(1940, 1, 5370, 'Porcheresse'),
(1941, 1, 6929, 'Porcheresse'),
(1942, 1, 1100, 'Postcheque'),
(1943, 1, 7760, 'Pottes'),
(1944, 1, 4280, 'Poucet'),
(1945, 1, 4171, 'Poulseur'),
(1946, 1, 6830, 'Poupehan'),
(1947, 1, 4350, 'Pousset'),
(1948, 1, 5660, 'Presgaux'),
(1949, 1, 6250, 'Presles'),
(1950, 1, 5170, 'Profondeville'),
(1951, 1, 8972, 'Proven'),
(1952, 1, 5650, 'Pry'),
(1953, 1, 2242, 'Pulderbos'),
(1954, 1, 2243, 'Pulle'),
(1955, 1, 5530, 'Purnode'),
(1956, 1, 5550, 'Pussemange'),
(1957, 1, 2580, 'Putte'),
(1958, 1, 2870, 'Puurs'),
(1959, 1, 7390, 'Quaregnon'),
(1960, 1, 7540, 'Quartes'),
(1961, 1, 1430, 'Quenast'),
(1962, 1, 4610, 'Queue-du-Bois'),
(1963, 1, 7972, 'Quevaucamps'),
(1964, 1, 7040, 'Quévy-le-Grand'),
(1965, 1, 7040, 'Quévy-le-Petit'),
(1966, 1, 7380, 'Quiévrain'),
(1967, 1, 1006, 'Raad van de Vlaamse Gemeenschapscommissie '),
(1968, 1, 6792, 'Rachecourt'),
(1969, 1, 4287, 'Racour'),
(1970, 1, 4730, 'Raeren'),
(1971, 1, 6532, 'Ragnies'),
(1972, 1, 4987, 'Rahier'),
(1973, 1, 7971, 'Ramegnies'),
(1974, 1, 7520, 'Ramegnies-Chin'),
(1975, 1, 4557, 'Ramelot'),
(1976, 1, 1367, 'Ramillies'),
(1977, 1, 1880, 'Ramsdonk'),
(1978, 1, 2230, 'Ramsel'),
(1979, 1, 8301, 'Ramskapelle'),
(1980, 1, 8620, 'Ramskapelle'),
(1981, 1, 6470, 'Rance'),
(1982, 1, 6043, 'Ransart'),
(1983, 1, 3470, 'Ransberg'),
(1984, 1, 2520, 'Ranst'),
(1985, 1, 2380, 'Ravels'),
(1986, 1, 7804, 'Rebaix'),
(1987, 1, 1430, 'Rebecq-Rognon'),
(1988, 1, 4780, 'Recht'),
(1989, 1, 6800, 'Recogne'),
(1990, 1, 6890, 'Redu'),
(1991, 1, 2840, 'Reet'),
(1992, 1, 3621, 'Rekem'),
(1993, 1, 8930, 'Rekkem'),
(1994, 1, 1731, 'Relegem'),
(1995, 1, 6800, 'Remagne'),
(1996, 1, 3791, 'Remersdaal'),
(1997, 1, 4350, 'Remicourt'),
(1998, 1, 9600, 'Renaix'),
(1999, 1, 6987, 'Rendeux'),
(2000, 1, 8647, 'Reninge'),
(2001, 1, 8970, 'Reningelst'),
(2002, 1, 6500, 'Renlies'),
(2003, 1, 3950, 'Reppel'),
(2004, 1, 7134, 'Ressaix'),
(2005, 1, 9551, 'Ressegem'),
(2006, 1, 6927, 'Resteigne'),
(2007, 1, 2470, 'Retie'),
(2008, 1, 4621, 'Retinne'),
(2009, 1, 4790, 'Reuland'),
(2010, 1, 6210, 'Rèves'),
(2011, 1, 5080, 'Rhisnes'),
(2012, 1, 1640, 'Rhode-Saint-Genèse'),
(2013, 1, 4600, 'Richelle'),
(2014, 1, 3770, 'Riemst'),
(2015, 1, 5575, 'Rienne'),
(2016, 1, 6464, 'Rièzes'),
(2017, 1, 3840, 'Rijkel'),
(2018, 1, 2310, 'Rijkevorsel'),
(2019, 1, 3740, 'Rijkhoven'),
(2020, 1, 2820, 'Rijmenam'),
(2021, 1, 3700, 'Riksingen'),
(2022, 1, 3202, 'Rillaar'),
(2023, 1, 5170, 'Rivière'),
(2024, 1, 1330, 'Rixensart'),
(2025, 1, 6460, 'Robechies'),
(2026, 1, 6769, 'Robelmont'),
(2027, 1, 4950, 'Robertville'),
(2028, 1, 9630, 'Roborst'),
(2029, 1, 5580, 'Rochefort'),
(2030, 1, 6830, 'Rochehaut'),
(2031, 1, 4761, 'Rocherath'),
(2032, 1, 4690, 'Roclenge-sur-Geer'),
(2033, 1, 4000, 'Rocourt'),
(2034, 1, 8972, 'Roesbrugge-Haringe'),
(2035, 1, 8800, 'Roeselare'),
(2036, 1, 5651, 'Rognée'),
(2037, 1, 7387, 'Roisin'),
(2038, 1, 8460, 'Roksem'),
(2039, 1, 8510, 'Rollegem'),
(2040, 1, 8880, 'Rollegem-Kapelle'),
(2041, 1, 4347, 'Roloux'),
(2042, 1, 5600, 'Roly'),
(2043, 1, 5600, 'Romedenne'),
(2044, 1, 5680, 'Romerée'),
(2045, 1, 3730, 'Romershoven'),
(2046, 1, 4624, 'Romsée'),
(2047, 1, 7623, 'Rongy'),
(2048, 1, 7090, 'Ronquières'),
(2049, 1, 9932, 'Ronsele'),
(2050, 1, 3370, 'Roosbeek'),
(2051, 1, 1760, 'Roosdaal'),
(2052, 1, 5620, 'Rosée'),
(2053, 1, 6250, 'Roselies'),
(2054, 1, 1331, 'Rosières'),
(2055, 1, 3740, 'Rosmeer'),
(2056, 1, 4257, 'Rosoux-Crenwick'),
(2057, 1, 6730, 'Rossignol'),
(2058, 1, 3650, 'Rotem'),
(2059, 1, 4120, 'Rotheux-Rimière'),
(2060, 1, 3110, 'Rotselaar'),
(2061, 1, 7601, 'Roucourt'),
(2062, 1, 7120, 'Rouveroy'),
(2063, 1, 4140, 'Rouvreux'),
(2064, 1, 6044, 'Roux'),
(2065, 1, 1315, 'Roux-Miroir'),
(2066, 1, 6900, 'Roy'),
(2067, 1, 9630, 'Rozebeke'),
(2068, 1, 1044, 'RTBF'),
(2069, 1, 1033, 'RTL-TVI'),
(2070, 1, 8020, 'Ruddervoorde'),
(2071, 1, 6760, 'Ruette'),
(2072, 1, 9690, 'Ruien'),
(2073, 1, 1601, 'Ruisbroek'),
(2074, 1, 2870, 'Ruisbroek'),
(2075, 1, 8755, 'Ruiselede'),
(2076, 1, 3870, 'Rukkelingen-Loon'),
(2077, 1, 6724, 'Rulles'),
(2078, 1, 8800, 'Rumbeke'),
(2079, 1, 7610, 'Rumes'),
(2080, 1, 7540, 'Rumillies'),
(2081, 1, 3454, 'Rummen'),
(2082, 1, 3400, 'Rumsdorp'),
(2083, 1, 2840, 'Rumst'),
(2084, 1, 3803, 'Runkelen'),
(2085, 1, 9150, 'Rupelmonde'),
(2086, 1, 7750, 'Russeignies'),
(2087, 1, 3700, 'Rutten'),
(2088, 1, 5010, 'SA SudPresse'),
(2089, 1, 6221, 'Saint-Amand'),
(2090, 1, 4606, 'Saint-André'),
(2091, 1, 5620, 'Saint-Aubin'),
(2092, 1, 7034, 'Saint-Denis'),
(2093, 1, 5081, 'Saint-Denis-Bovesse'),
(2094, 1, 4470, 'Saint-Georges-sur-Meuse'),
(2095, 1, 5640, 'Saint-Gérard'),
(2096, 1, 5310, 'Saint-Germain'),
(2097, 1, 1450, 'Saint-Géry'),
(2098, 1, 7330, 'Saint-Ghislain'),
(2099, 1, 1060, 'Saint-Gilles'),
(2100, 1, 6870, 'Saint-Hubert'),
(2101, 1, 1370, 'Saint-Jean-Geest'),
(2102, 1, 1210, 'Saint-Josse-ten-Noode'),
(2103, 1, 6747, 'Saint-Léger'),
(2104, 1, 7730, 'Saint-Léger'),
(2105, 1, 5003, 'Saint-Marc'),
(2106, 1, 6762, 'Saint-Mard'),
(2107, 1, 5190, 'Saint-Martin'),
(2108, 1, 7500, 'Saint-Maur'),
(2109, 1, 6887, 'Saint-Médard'),
(2111, 1, 4420, 'Saint-Nicolas'),
(2112, 1, 6800, 'Saint-Pierre'),
(2113, 1, 4672, 'Saint-Remy'),
(2114, 1, 6460, 'Saint-Remy'),
(2115, 1, 1370, 'Saint-Remy-Geest'),
(2116, 1, 7912, 'Saint-Sauveur'),
(2117, 1, 5002, 'Saint-Servais'),
(2118, 1, 4550, 'Saint-Séverin'),
(2119, 1, 7030, 'Saint-Symphorien'),
(2120, 1, 7100, 'Saint-Vaast'),
(2121, 1, 6730, 'Saint-Vincent'),
(2122, 1, 4780, 'Saint-Vith'),
(2123, 1, 6820, 'Sainte-Cécile'),
(2124, 1, 6800, 'Sainte-Marie-Chevigny'),
(2125, 1, 6740, 'Sainte-Marie-sur-Semois'),
(2126, 1, 1480, 'Saintes'),
(2127, 1, 4671, 'Saive'),
(2128, 1, 6460, 'Salles'),
(2129, 1, 5600, 'Samart'),
(2130, 1, 6982, 'Samrée'),
(2131, 1, 7080, 'Sars-la-Bruyère'),
(2132, 1, 6542, 'Sars-la-Buissière'),
(2133, 1, 5330, 'Sart-Bernard'),
(2134, 1, 5575, 'Sart-Custinne'),
(2135, 1, 1495, 'Sart-Dames-Avelines'),
(2136, 1, 5600, 'Sart-en-Fagne'),
(2137, 1, 5070, 'Sart-Eustache'),
(2138, 1, 4845, 'Sart-lez-Spa'),
(2139, 1, 5070, 'Sart-Saint-Laurent'),
(2140, 1, 6470, 'Sautin'),
(2141, 1, 5600, 'Sautour'),
(2142, 1, 5030, 'Sauvenière'),
(2143, 1, 1101, 'Scanning'),
(2144, 1, 1030, 'Schaerbeek'),
(2145, 1, 3290, 'Schaffen'),
(2146, 1, 3732, 'Schalkhoven'),
(2147, 1, 5364, 'Schaltin'),
(2148, 1, 9820, 'Schelderode'),
(2149, 1, 9860, 'Scheldewindeke'),
(2150, 1, 2627, 'Schelle'),
(2151, 1, 9260, 'Schellebelle'),
(2152, 1, 9506, 'Schendelbeke'),
(2153, 1, 1703, 'Schepdaal'),
(2154, 1, 3270, 'Scherpenheuvel'),
(2155, 1, 2970, 'Schilde'),
(2156, 1, 4782, 'Schoenberg'),
(2157, 1, 9200, 'Schoonaarde'),
(2158, 1, 8433, 'Schore'),
(2159, 1, 9688, 'Schorisse'),
(2160, 1, 2900, 'Schoten'),
(2161, 1, 2223, 'Schriek'),
(2162, 1, 8700, 'Schuiferskapelle'),
(2163, 1, 3540, 'Schulen'),
(2164, 1, 5300, 'Sclayn'),
(2165, 1, 5361, 'Scy'),
(2166, 1, 5300, 'Seilles'),
(2167, 1, 6781, 'Sélange'),
(2168, 1, 6596, 'Seloignes'),
(2169, 1, 9890, 'Semmerzake'),
(2170, 1, 1009, 'Senat de Belgique'),
(2171, 1, 7180, 'Seneffe'),
(2172, 1, 6832, 'Sensenruth'),
(2173, 1, 4557, 'Seny'),
(2174, 1, 5630, 'Senzeilles'),
(2175, 1, 6940, 'Septon'),
(2176, 1, 4100, 'Seraing'),
(2177, 1, 4537, 'Seraing-le-Château'),
(2178, 1, 5590, 'Serinchamps'),
(2179, 1, 9260, 'Serskamp'),
(2180, 1, 5521, 'Serville'),
(2181, 1, 7010, 'SHAPE'),
(2182, 1, 6640, 'Sibret'),
(2183, 1, 6750, 'Signeulx'),
(2184, 1, 8340, 'Sijsele'),
(2185, 1, 5630, 'Silenrieux'),
(2186, 1, 7830, 'Silly'),
(2187, 1, 9112, 'Sinaai-Waas'),
(2188, 1, 5377, 'Sinsin'),
(2189, 1, 3040, 'Sint-Agatha-Rode'),
(2190, 1, 2890, 'Sint-Amands'),
(2191, 1, 9040, 'Sint-Amandsberg'),
(2192, 1, 8200, 'Sint-Andries'),
(2193, 1, 9550, 'Sint-Antelinks'),
(2194, 1, 8710, 'Sint-Baafs-Vijve'),
(2195, 1, 9630, 'Sint-Blasius-Boekel'),
(2196, 1, 8554, 'Sint-Denijs'),
(2197, 1, 9630, 'Sint-Denijs-Boekel'),
(2198, 1, 9051, 'Sint-Denijs-Westrem'),
(2199, 1, 8793, 'Sint-Eloois-Vijve'),
(2200, 1, 8880, 'Sint-Eloois-Winkel'),
(2201, 1, 9200, 'Sint-Gillis-Dendermonde'),
(2202, 1, 9170, 'Sint-Gillis-Waas'),
(2203, 1, 9620, 'Sint-Goriks-Oudenhove'),
(2204, 1, 3730, 'Sint-Huibrechts-Hern'),
(2205, 1, 3910, 'Sint-Huibrechts-Lille'),
(2206, 1, 8600, 'Sint-Jacobs-Kapelle'),
(2207, 1, 8900, 'Sint-Jan'),
(2208, 1, 9982, 'Sint-Jan-in-Eremo'),
(2209, 1, 2960, 'Sint-Job-in-\'t-Goor'),
(2210, 1, 8620, 'Sint-Joris'),
(2211, 1, 8730, 'Sint-Joris'),
(2212, 1, 3051, 'Sint-Joris-Weert'),
(2213, 1, 3390, 'Sint-Joris-Winge'),
(2214, 1, 2860, 'Sint-Katelijne-Waver'),
(2215, 1, 1742, 'Sint-Katherina-Lombeek'),
(2216, 1, 9667, 'Sint-Kornelis-Horebeke'),
(2217, 1, 8310, 'Sint-Kruis'),
(2218, 1, 9042, 'Sint-Kruis-Winkel'),
(2219, 1, 1750, 'Sint-Kwintens-Lennik'),
(2220, 1, 3500, 'Sint-Lambrechts-Herk'),
(2221, 1, 9980, 'Sint-Laureins'),
(2222, 1, 1600, 'Sint-Laureins-Berchem'),
(2223, 1, 2960, 'Sint-Lenaarts'),
(2224, 1, 9550, 'Sint-Lievens-Esse'),
(2225, 1, 9520, 'Sint-Lievens-Houtem'),
(2226, 1, 9981, 'Sint-Margriete'),
(2227, 1, 3300, 'Sint-Margriete-Houtem'),
(2228, 1, 3470, 'Sint-Margriete-Houtem'),
(2229, 1, 9667, 'Sint-Maria-Horebeke'),
(2230, 1, 9630, 'Sint-Maria-Latem'),
(2231, 1, 9570, 'Sint-Maria-Lierde'),
(2232, 1, 9620, 'Sint-Maria-Oudenhove'),
(2233, 1, 9660, 'Sint-Maria-Oudenhove'),
(2234, 1, 1700, 'Sint-Martens-Bodegem'),
(2235, 1, 9830, 'Sint-Martens-Latem'),
(2236, 1, 9800, 'Sint-Martens-Leerne'),
(2237, 1, 1750, 'Sint-Martens-Lennik'),
(2238, 1, 9572, 'Sint-Martens-Lierde'),
(2239, 1, 8200, 'Sint-Michiels'),
(2240, 1, 9100, 'Sint-Niklaas'),
(2241, 1, 9170, 'Sint-Pauwels'),
(2242, 1, 1541, 'Sint-Pieters-Kapelle'),
(2243, 1, 8433, 'Sint-Pieters-Kapelle'),
(2244, 1, 1600, 'Sint-Pieters-Leeuw'),
(2245, 1, 3220, 'Sint-Pieters-Rode'),
(2246, 1, 8690, 'Sint-Rijkers'),
(2247, 1, 1932, 'Sint-Stevens-Woluwe'),
(2248, 1, 3800, 'Sint-Truiden'),
(2249, 1, 1700, 'Sint-Ulriks-Kapelle'),
(2250, 1, 4851, 'Sippenaeken'),
(2251, 1, 7332, 'Sirault'),
(2252, 1, 6470, 'Sivry'),
(2253, 1, 9940, 'Sleidinge'),
(2254, 1, 8433, 'Slijpe'),
(2255, 1, 4450, 'Slins'),
(2256, 1, 3700, 'Sluizen'),
(2257, 1, 9506, 'Smeerebbe-Vloerzegem'),
(2258, 1, 9340, 'Smetlede'),
(2259, 1, 6890, 'Smuid'),
(2260, 1, 8470, 'Snaaskerke'),
(2261, 1, 8490, 'Snellegem'),
(2262, 1, 4557, 'Soheit-Tinlot'),
(2263, 1, 6920, 'Sohier'),
(2264, 1, 7060, 'Soignies'),
(2265, 1, 4861, 'Soiron'),
(2266, 1, 6500, 'Solre-Saint-Géry'),
(2267, 1, 6560, 'Solre-sur-Sambre'),
(2268, 1, 5140, 'Sombreffe'),
(2269, 1, 5377, 'Somme-Leuze'),
(2270, 1, 6769, 'Sommethonne'),
(2271, 1, 5523, 'Sommière'),
(2272, 1, 5651, 'Somzée'),
(2273, 1, 5340, 'Sorée'),
(2274, 1, 5333, 'Sorinne-la-Longue'),
(2275, 1, 5503, 'Sorinnes'),
(2276, 1, 5537, 'Sosoye'),
(2277, 1, 4920, 'Sougné-Remouchamps'),
(2278, 1, 5680, 'Soulme'),
(2279, 1, 4630, 'Soumagne'),
(2280, 1, 5630, 'Soumoy'),
(2281, 1, 4950, 'Sourbrodt'),
(2282, 1, 6182, 'Souvret'),
(2283, 1, 5590, 'Sovet'),
(2284, 1, 6997, 'Soy'),
(2285, 1, 5150, 'Soye'),
(2286, 1, 4900, 'Spa'),
(2287, 1, 3510, 'Spalbeek'),
(2288, 1, 1212, 'SPF Mobilité'),
(2289, 1, 7032, 'Spiennes'),
(2290, 1, 5530, 'Spontin'),
(2291, 1, 4140, 'Sprimont'),
(2292, 1, 5190, 'Spy'),
(2293, 1, 2940, 'Stabroek'),
(2294, 1, 8840, 'Staden'),
(2295, 1, 8490, 'Stalhille'),
(2296, 1, 7973, 'Stambruges'),
(2297, 1, 5646, 'Stave'),
(2298, 1, 8691, 'Stavele'),
(2299, 1, 4970, 'Stavelot'),
(2300, 1, 9140, 'Steendorp'),
(2301, 1, 1840, 'Steenhuffel'),
(2302, 1, 9550, 'Steenhuize-Wijnhuize'),
(2303, 1, 8630, 'Steenkerke'),
(2304, 1, 7090, 'Steenkerque'),
(2305, 1, 1820, 'Steenokkerzeel'),
(2306, 1, 9190, 'Stekene'),
(2307, 1, 4801, 'Stembert'),
(2308, 1, 8400, 'Stene'),
(2309, 1, 1933, 'Sterrebeek'),
(2310, 1, 3512, 'Stevoort'),
(2311, 1, 3650, 'Stokkem'),
(2312, 1, 3511, 'Stokrooie'),
(2313, 1, 4987, 'Stoumont'),
(2314, 1, 6887, 'Straimont'),
(2315, 1, 6511, 'Strée'),
(2316, 1, 4577, 'Strée-lez-Huy'),
(2317, 1, 7110, 'Strépy-Bracquegnies'),
(2318, 1, 9620, 'Strijpen'),
(2319, 1, 1760, 'Strijtem'),
(2320, 1, 1853, 'Strombeek-Bever'),
(2321, 1, 8600, 'Stuivekenskerke'),
(2322, 1, 5020, 'Suarlée'),
(2323, 1, 5550, 'Sugny'),
(2324, 1, 5600, 'Surice'),
(2325, 1, 6812, 'Suxy'),
(2326, 1, 6661, 'Tailles'),
(2327, 1, 7618, 'Taintignies'),
(2328, 1, 5060, 'Tamines'),
(2329, 1, 5651, 'Tarcienne'),
(2330, 1, 4163, 'Tavier'),
(2331, 1, 5310, 'Taviers'),
(2332, 1, 6662, 'Tavigny'),
(2333, 1, 6927, 'Tellin'),
(2334, 1, 7520, 'Templeuve'),
(2335, 1, 5020, 'Temploux'),
(2336, 1, 9140, 'Temse'),
(2337, 1, 6970, 'Tenneville'),
(2338, 1, 1790, 'Teralfene'),
(2339, 1, 2840, 'Terhagen'),
(2340, 1, 6813, 'Termes'),
(2341, 1, 1740, 'Ternat'),
(2342, 1, 7333, 'Tertre'),
(2343, 1, 3080, 'Tervuren'),
(2344, 1, 4560, 'Terwagne'),
(2345, 1, 3980, 'Tessenderlo'),
(2346, 1, 3272, 'Testelt'),
(2347, 1, 3793, 'Teuven'),
(2348, 1, 4910, 'Theux'),
(2349, 1, 6717, 'Thiaumont'),
(2350, 1, 7070, 'Thieu'),
(2351, 1, 7901, 'Thieulain'),
(2352, 1, 7061, 'Thieusies'),
(2353, 1, 6230, 'Thiméon'),
(2354, 1, 4890, 'Thimister'),
(2355, 1, 7533, 'Thimougies'),
(2356, 1, 1402, 'Thines'),
(2357, 1, 6500, 'Thirimont'),
(2358, 1, 4280, 'Thisnes'),
(2359, 1, 4791, 'Thommen'),
(2360, 1, 5300, 'Thon'),
(2361, 1, 1360, 'Thorembais-les-Béguines'),
(2362, 1, 1360, 'Thorembais-Saint-Trond'),
(2363, 1, 7830, 'Thoricourt'),
(2364, 1, 6536, 'Thuillies'),
(2365, 1, 6530, 'Thuin'),
(2366, 1, 7350, 'Thulin'),
(2367, 1, 7971, 'Thumaide'),
(2368, 1, 5621, 'Thy-le-Bauduin'),
(2369, 1, 5651, 'Thy-le-Château'),
(2370, 1, 5502, 'Thynes'),
(2371, 1, 4367, 'Thys'),
(2372, 1, 8573, 'Tiegem'),
(2373, 1, 2460, 'Tielen'),
(2374, 1, 9140, 'Tielrode'),
(2375, 1, 3390, 'Tielt'),
(2376, 1, 8700, 'Tielt'),
(2377, 1, 3300, 'Tienen'),
(2378, 1, 4630, 'Tignée'),
(2379, 1, 4500, 'Tihange'),
(2380, 1, 3150, 'Tildonk'),
(2381, 1, 4130, 'Tilff'),
(2382, 1, 6680, 'Tillet'),
(2383, 1, 4420, 'Tilleur'),
(2384, 1, 5380, 'Tillier'),
(2385, 1, 1495, 'Tilly'),
(2386, 1, 4557, 'Tinlot'),
(2387, 1, 6637, 'Tintange'),
(2388, 1, 6730, 'Tintigny'),
(2389, 1, 2830, 'Tisselt'),
(2390, 1, 6700, 'Toernich'),
(2391, 1, 6941, 'Tohogne'),
(2392, 1, 1570, 'Tollembeek'),
(2393, 1, 3700, 'Tongeren'),
(2394, 1, 2260, 'Tongerlo'),
(2395, 1, 3960, 'Tongerlo'),
(2396, 1, 7951, 'Tongre-Notre-Dame'),
(2397, 1, 7950, 'Tongre-Saint-Martin'),
(2398, 1, 5140, 'Tongrinne'),
(2399, 1, 6717, 'Tontelange'),
(2400, 1, 6767, 'Torgny'),
(2401, 1, 8820, 'Torhout'),
(2402, 1, 4263, 'Tourinne'),
(2403, 1, 1320, 'Tourinnes-la-Grosse'),
(2404, 1, 1457, 'Tourinnes-Saint-Lambert'),
(2405, 1, 7500, 'Tournai'),
(2406, 1, 6840, 'Tournay'),
(2407, 1, 7904, 'Tourpes'),
(2408, 1, 6890, 'Transinne'),
(2409, 1, 6183, 'Trazegnies'),
(2410, 1, 5670, 'Treignes'),
(2411, 1, 4670, 'Trembleur'),
(2412, 1, 3120, 'Tremelo'),
(2413, 1, 7100, 'Trivières'),
(2414, 1, 4280, 'Trognée'),
(2415, 1, 4980, 'Trois-Ponts'),
(2416, 1, 1480, 'Tubize'),
(2417, 1, 2300, 'Turnhout'),
(2418, 1, 1180, 'Uccle'),
(2419, 1, 6833, 'Ucimont'),
(2420, 1, 3631, 'Uikhoven'),
(2421, 1, 9290, 'Uitbergen'),
(2422, 1, 8370, 'Uitkerke'),
(2423, 1, 3832, 'Ulbeek'),
(2424, 1, 1049, 'Union Européenne - Commission'),
(2425, 1, 1048, 'Union Européenne - Conseil'),
(2426, 1, 5310, 'Upigny'),
(2427, 1, 9910, 'Ursel'),
(2428, 1, 3054, 'Vaalbeek'),
(2429, 1, 3770, 'Val-Meer'),
(2430, 1, 6741, 'Vance'),
(2431, 1, 2431, 'Varendonk'),
(2432, 1, 8490, 'Varsenare'),
(2433, 1, 5680, 'Vaucelles'),
(2434, 1, 7536, 'Vaulx'),
(2435, 1, 6462, 'Vaulx-lez-Chimay'),
(2436, 1, 6960, 'Vaux-Chavanne'),
(2437, 1, 4530, 'Vaux-et-Borset'),
(2438, 1, 6640, 'Vaux-lez-Rosières'),
(2439, 1, 4051, 'Vaux-sous-Chèvremont'),
(2440, 1, 6640, 'Vaux-sur-Sûre'),
(2441, 1, 3870, 'Vechmaal'),
(2442, 1, 5020, 'Vedrin'),
(2443, 1, 2431, 'Veerle'),
(2444, 1, 5060, 'Velaine-sur-Sambre'),
(2445, 1, 7760, 'Velaines'),
(2446, 1, 8210, 'Veldegem'),
(2447, 1, 3620, 'Veldwezelt'),
(2448, 1, 7120, 'Vellereille-le-Sec'),
(2449, 1, 7120, 'Vellereille-les-Brayeux'),
(2450, 1, 3806, 'Velm'),
(2451, 1, 4460, 'Velroux'),
(2452, 1, 3020, 'Veltem-Beisem'),
(2453, 1, 9620, 'Velzeke-Ruddershove'),
(2454, 1, 5575, 'Vencimont'),
(2455, 1, 6440, 'Vergnies'),
(2456, 1, 4537, 'Verlaine'),
(2457, 1, 5370, 'Verlée'),
(2458, 1, 9130, 'Verrebroek'),
(2459, 1, 3370, 'Vertrijk'),
(2460, 1, 4800, 'Verviers'),
(2461, 1, 6870, 'Vesqueville'),
(2462, 1, 3870, 'Veulen'),
(2463, 1, 8630, 'Veurne'),
(2464, 1, 5300, 'Vezin'),
(2465, 1, 7538, 'Vezon'),
(2466, 1, 9500, 'Viane'),
(2467, 1, 8570, 'Vichte'),
(2468, 1, 6690, 'Vielsalm'),
(2469, 1, 4317, 'Viemme'),
(2470, 1, 2240, 'Viersel'),
(2471, 1, 4577, 'Vierset-Barse'),
(2472, 1, 5670, 'Vierves-sur-Viroin'),
(2473, 1, 6230, 'Viesville'),
(2474, 1, 1472, 'Vieux-Genappe'),
(2475, 1, 4530, 'Vieux-Waleffe'),
(2476, 1, 4190, 'Vieuxville'),
(2477, 1, 6890, 'Villance'),
(2478, 1, 4260, 'Ville-en-Hesbaye'),
(2479, 1, 7322, 'Ville-Pommeroeul'),
(2480, 1, 7070, 'Ville-sur-Haine'),
(2481, 1, 7334, 'Villerot'),
(2482, 1, 4161, 'Villers-aux-Tours'),
(2483, 1, 5630, 'Villers-Deux-Eglises'),
(2484, 1, 6823, 'Villers-devant-Orval'),
(2485, 1, 5600, 'Villers-en-Fagne'),
(2486, 1, 4340, 'Villers-l\'Evêque'),
(2487, 1, 6600, 'Villers-la-Bonne-Eau'),
(2488, 1, 6769, 'Villers-la-Loue'),
(2489, 1, 6460, 'Villers-la-Tour'),
(2490, 1, 1495, 'Villers-la-Ville'),
(2491, 1, 4530, 'Villers-le-Bouillet'),
(2492, 1, 5600, 'Villers-le-Gambon'),
(2493, 1, 4280, 'Villers-le-Peuplier'),
(2494, 1, 4550, 'Villers-le-Temple'),
(2495, 1, 5080, 'Villers-lez-Heest'),
(2496, 1, 7812, 'Villers-Notre-Dame'),
(2497, 1, 6210, 'Villers-Perwin'),
(2498, 1, 6280, 'Villers-Poterie'),
(2499, 1, 7812, 'Villers-Saint-Amand'),
(2500, 1, 7031, 'Villers-Saint-Ghislain'),
(2501, 1, 4453, 'Villers-Saint-Siméon'),
(2502, 1, 6941, 'Villers-Sainte-Gertrude'),
(2503, 1, 5580, 'Villers-sur-Lesse'),
(2504, 1, 6740, 'Villers-sur-Semois'),
(2505, 1, 1800, 'Vilvoorde'),
(2506, 1, 4520, 'Vinalmont'),
(2507, 1, 9921, 'Vinderhoute'),
(2508, 1, 8630, 'Vinkem'),
(2509, 1, 9800, 'Vinkt'),
(2510, 1, 6461, 'Virelles'),
(2511, 1, 1460, 'Virginal-Samme'),
(2512, 1, 6760, 'Virton'),
(2513, 1, 4600, 'Visé'),
(2514, 1, 3300, 'Vissenaken'),
(2515, 1, 7511, 'Vitrine Magique'),
(2516, 1, 5070, 'Vitrival'),
(2517, 1, 4683, 'Vivegnis'),
(2518, 1, 6833, 'Vivy'),
(2519, 1, 1011, 'Vlaams parlement'),
(2520, 1, 8600, 'Vladslo'),
(2521, 1, 8908, 'Vlamertinge'),
(2522, 1, 9420, 'Vlekkem'),
(2523, 1, 1602, 'Vlezenbeek'),
(2524, 1, 3724, 'Vliermaal'),
(2525, 1, 3721, 'Vliermaalroot'),
(2526, 1, 9520, 'Vlierzele'),
(2527, 1, 3770, 'Vlijtingen'),
(2528, 1, 2340, 'Vlimmeren'),
(2529, 1, 8421, 'Vlissegem'),
(2530, 1, 5600, 'Vodecée'),
(2531, 1, 5680, 'Vodelée'),
(2532, 1, 5650, 'Vogenée'),
(2533, 1, 9700, 'Volkegem'),
(2534, 1, 1570, 'Vollezele'),
(2535, 1, 5570, 'Vonêche'),
(2536, 1, 9400, 'Voorde'),
(2537, 1, 8902, 'Voormezele'),
(2538, 1, 3840, 'Voort'),
(2539, 1, 4347, 'Voroux-Goreux'),
(2540, 1, 4451, 'Voroux-lez-Liers'),
(2541, 1, 2290, 'Vorselaar'),
(2542, 1, 3890, 'Vorsen'),
(2543, 1, 2430, 'Vorst'),
(2544, 1, 2350, 'Vosselaar'),
(2545, 1, 9850, 'Vosselare'),
(2546, 1, 3080, 'Vossem'),
(2547, 1, 4041, 'Vottem'),
(2548, 1, 9120, 'Vrasene'),
(2549, 1, 2531, 'Vremde'),
(2550, 1, 3700, 'Vreren'),
(2551, 1, 5550, 'Vresse-sur-Semois'),
(2552, 1, 3770, 'Vroenhoven'),
(2553, 1, 1043, 'VRT'),
(2554, 1, 1818, 'VTM'),
(2555, 1, 3630, 'Vucht'),
(2556, 1, 9890, 'Vurste'),
(2557, 1, 4570, 'Vyle-et-Tharoul'),
(2558, 1, 3473, 'Waanrode'),
(2559, 1, 9506, 'Waarbeke'),
(2560, 1, 8020, 'Waardamme'),
(2561, 1, 2550, 'Waarloos'),
(2562, 1, 8581, 'Waarmaarde'),
(2563, 1, 9950, 'Waarschoot'),
(2564, 1, 3401, 'Waasmont'),
(2565, 1, 9250, 'Waasmunster'),
(2566, 1, 9185, 'Wachtebeke'),
(2567, 1, 7971, 'Wadelincourt'),
(2568, 1, 6223, 'Wagnelée'),
(2569, 1, 6900, 'Waha'),
(2570, 1, 5377, 'Waillet'),
(2571, 1, 4950, 'Waimes'),
(2572, 1, 8720, 'Wakken'),
(2573, 1, 5650, 'Walcourt'),
(2574, 1, 2800, 'Walem'),
(2575, 1, 1457, 'Walhain-Saint-Paul'),
(2576, 1, 4711, 'Walhorn'),
(2577, 1, 3401, 'Walsbets'),
(2578, 1, 3401, 'Walshoutem'),
(2579, 1, 3740, 'Waltwilder'),
(2580, 1, 1741, 'Wambeek'),
(2581, 1, 5570, 'Wancennes'),
(2582, 1, 4020, 'Wandre'),
(2583, 1, 6224, 'Wanfercée-Baulet'),
(2584, 1, 3400, 'Wange'),
(2585, 1, 6220, 'Wangenies'),
(2586, 1, 5564, 'Wanlin'),
(2587, 1, 4980, 'Wanne'),
(2588, 1, 7861, 'Wannebecq'),
(2589, 1, 9772, 'Wannegem-Lede'),
(2590, 1, 4280, 'Wansin'),
(2591, 1, 4520, 'Wanze'),
(2592, 1, 9340, 'Wanzele'),
(2593, 1, 7548, 'Warchin'),
(2594, 1, 7740, 'Warcoing'),
(2595, 1, 6600, 'Wardin'),
(2596, 1, 8790, 'Waregem'),
(2597, 1, 4300, 'Waremme'),
(2598, 1, 4217, 'Waret-l\'Évêque'),
(2599, 1, 5310, 'Waret-la-Chaussée'),
(2600, 1, 5080, 'Warisoulx'),
(2601, 1, 5537, 'Warnant'),
(2602, 1, 4530, 'Warnant-Dreye'),
(2603, 1, 7784, 'Warneton'),
(2604, 1, 7340, 'Warquignies'),
(2605, 1, 4608, 'Warsage'),
(2606, 1, 4590, 'Warzée'),
(2607, 1, 7340, 'Wasmes'),
(2608, 1, 7604, 'Wasmes-Audemez-Briffoeil'),
(2609, 1, 7390, 'Wasmuel'),
(2610, 1, 4219, 'Wasseiges'),
(2611, 1, 9988, 'Waterland-Oudeman'),
(2612, 1, 1410, 'Waterloo'),
(2613, 1, 1170, 'Watermael-Boitsfort'),
(2614, 1, 9988, 'Watervliet'),
(2615, 1, 8978, 'Watou'),
(2616, 1, 7910, 'Wattripont'),
(2617, 1, 7131, 'Waudrez'),
(2618, 1, 5540, 'Waulsort'),
(2619, 1, 1440, 'Wauthier-Braine'),
(2620, 1, 1300, 'Wavre'),
(2621, 1, 5580, 'Wavreille'),
(2622, 1, 6210, 'Wayaux'),
(2623, 1, 1474, 'Ways'),
(2624, 1, 3290, 'Webbekom'),
(2625, 1, 2275, 'Wechelderzande'),
(2626, 1, 2381, 'Weelde'),
(2627, 1, 1982, 'Weerde'),
(2628, 1, 2880, 'Weert'),
(2629, 1, 4860, 'Wegnez'),
(2630, 1, 5523, 'Weillen'),
(2631, 1, 9700, 'Welden'),
(2632, 1, 4840, 'Welkenraedt'),
(2633, 1, 9473, 'Welle'),
(2634, 1, 3830, 'Wellen'),
(2635, 1, 6920, 'Wellin'),
(2636, 1, 1780, 'Wemmel'),
(2637, 1, 8420, 'Wenduine'),
(2638, 1, 5100, 'Wépion'),
(2639, 1, 4190, 'Werbomont'),
(2640, 1, 3118, 'Werchter'),
(2641, 1, 6940, 'Wéris'),
(2642, 1, 8610, 'Werken'),
(2643, 1, 3730, 'Werm'),
(2644, 1, 8940, 'Wervik'),
(2645, 1, 3150, 'Wespelaar'),
(2646, 1, 8434, 'Westende'),
(2647, 1, 2260, 'Westerlo'),
(2648, 1, 8300, 'Westkapelle'),
(2649, 1, 8460, 'Westkerke'),
(2650, 1, 2390, 'Westmalle'),
(2651, 1, 2235, 'Westmeerbeek'),
(2652, 1, 8954, 'Westouter'),
(2653, 1, 9230, 'Westrem'),
(2654, 1, 8840, 'Westrozebeke'),
(2655, 1, 8640, 'Westvleteren'),
(2656, 1, 9230, 'Wetteren'),
(2657, 1, 8560, 'Wevelgem'),
(2658, 1, 7620, 'Wez-Velvain'),
(2659, 1, 3111, 'Wezemaal'),
(2660, 1, 1970, 'Wezembeek-Oppem'),
(2661, 1, 3401, 'Wezeren'),
(2662, 1, 6666, 'Wibrin'),
(2663, 1, 9260, 'Wichelen'),
(2664, 1, 3700, 'Widooie'),
(2665, 1, 2222, 'Wiekevorst'),
(2666, 1, 8710, 'Wielsbeke'),
(2667, 1, 5100, 'Wierde'),
(2668, 1, 7608, 'Wiers'),
(2669, 1, 5571, 'Wiesme'),
(2670, 1, 9280, 'Wieze'),
(2671, 1, 7370, 'Wihéries'),
(2672, 1, 4452, 'Wihogne'),
(2673, 1, 3990, 'Wijchmaal'),
(2674, 1, 3850, 'Wijer'),
(2675, 1, 3018, 'Wijgmaal'),
(2676, 1, 2110, 'Wijnegem'),
(2677, 1, 3670, 'Wijshagen'),
(2678, 1, 8953, 'Wijtschate'),
(2679, 1, 3803, 'Wilderen'),
(2680, 1, 7904, 'Willaupuis'),
(2681, 1, 3370, 'Willebringen'),
(2682, 1, 2830, 'Willebroek'),
(2683, 1, 7506, 'Willemeau'),
(2684, 1, 5575, 'Willerzie'),
(2685, 1, 2610, 'Wilrijk'),
(2686, 1, 3012, 'Wilsele'),
(2687, 1, 8431, 'Wilskerke'),
(2688, 1, 3501, 'Wimmertingen'),
(2689, 1, 5570, 'Winenne'),
(2690, 1, 8750, 'Wingene'),
(2691, 1, 3020, 'Winksele'),
(2692, 1, 3722, 'Wintershoven'),
(2693, 1, 6860, 'Witry'),
(2694, 1, 7890, 'Wodecq'),
(2695, 1, 8640, 'Woesten'),
(2696, 1, 6780, 'Wolkrange'),
(2697, 1, 1200, 'Woluwe-Saint-Lambert'),
(2698, 1, 1150, 'Woluwe-Saint-Pierre'),
(2699, 1, 1861, 'Wolvertem'),
(2700, 1, 2160, 'Wommelgem'),
(2701, 1, 3350, 'Wommersom'),
(2702, 1, 4690, 'Wonck'),
(2703, 1, 9032, 'Wondelgem'),
(2704, 1, 9800, 'Wontergem'),
(2705, 1, 9790, 'Wortegem'),
(2706, 1, 2323, 'Wortel'),
(2707, 1, 9550, 'Woubrechtegem'),
(2708, 1, 8600, 'Woumen'),
(2709, 1, 8670, 'Wulpen'),
(2710, 1, 8952, 'Wulvergem'),
(2711, 1, 8630, 'Wulveringem'),
(2712, 1, 2990, 'Wuustwezel'),
(2713, 1, 4652, 'Xhendelesse'),
(2714, 1, 4432, 'Xhendremael'),
(2715, 1, 4190, 'Xhoris'),
(2716, 1, 4550, 'Yernée-Fraineux'),
(2717, 1, 7513, 'Yves Rocher'),
(2718, 1, 5650, 'Yves-Gomezée'),
(2719, 1, 5530, 'Yvoir'),
(2720, 1, 9080, 'Zaffelare'),
(2721, 1, 9506, 'Zandbergen'),
(2722, 1, 8680, 'Zande'),
(2723, 1, 2240, 'Zandhoven'),
(2724, 1, 2040, 'Zandvliet'),
(2725, 1, 8400, 'Zandvoorde'),
(2726, 1, 8980, 'Zandvoorde'),
(2727, 1, 9500, 'Zarlardinge'),
(2728, 1, 8610, 'Zarren'),
(2729, 1, 1930, 'Zaventem'),
(2730, 1, 8210, 'Zedelgem'),
(2731, 1, 8380, 'Zeebrugge'),
(2732, 1, 9660, 'Zegelsem'),
(2733, 1, 9240, 'Zele'),
(2734, 1, 3545, 'Zelem'),
(2735, 1, 1731, 'Zellik'),
(2736, 1, 9060, 'Zelzate'),
(2737, 1, 1980, 'Zemst'),
(2738, 1, 3800, 'Zepperen'),
(2739, 1, 8490, 'Zerkegem'),
(2740, 1, 1370, 'Zétrud-Lumay'),
(2741, 1, 8470, 'Zevekote'),
(2742, 1, 9080, 'Zeveneken'),
(2743, 1, 9800, 'Zeveren'),
(2744, 1, 9840, 'Zevergem'),
(2745, 1, 3271, 'Zichem'),
(2746, 1, 3770, 'Zichen-Zussen-Bolder'),
(2747, 1, 8902, 'Zillebeke'),
(2748, 1, 9750, 'Zingem'),
(2749, 1, 2260, 'Zoerle-Parwijs'),
(2750, 1, 2980, 'Zoersel'),
(2751, 1, 3550, 'Zolder'),
(2752, 1, 9930, 'Zomergem'),
(2753, 1, 3520, 'Zonhoven'),
(2754, 1, 8980, 'Zonnebeke'),
(2755, 1, 9520, 'Zonnegem'),
(2756, 1, 9620, 'Zottegem'),
(2757, 1, 8630, 'Zoutenaaie'),
(2758, 1, 3440, 'Zoutleeuw'),
(2759, 1, 8904, 'Zuidschote'),
(2760, 1, 8377, 'Zuienkerke'),
(2761, 1, 9870, 'Zulte'),
(2762, 1, 9690, 'Zulzeke'),
(2763, 1, 3690, 'Zutendaal'),
(2764, 1, 8550, 'Zwevegem'),
(2765, 1, 8750, 'Zwevezele'),
(2766, 1, 9052, 'Zwijnaarde'),
(2767, 1, 2070, 'Zwijndrecht');

-- --------------------------------------------------------

--
-- Structure de la table `copy`
--

DROP TABLE IF EXISTS `copy`;
CREATE TABLE IF NOT EXISTS `copy` (
  `idCopy` int(11) NOT NULL AUTO_INCREMENT,
  `idStore` int(11) NOT NULL,
  `idPricePlatform` int(11) NOT NULL,
  `copyName` varchar(60) NOT NULL,
  `buyPrice` float NOT NULL,
  `status` enum('DISPONIBLE','LOUER','CASSER') NOT NULL DEFAULT 'DISPONIBLE',
  PRIMARY KEY (`idCopy`),
  UNIQUE KEY `copyName` (`copyName`),
  KEY `fk_idStore` (`idStore`),
  KEY `fk_idPlatformCopy` (`idPricePlatform`)
) ENGINE=InnoDB AUTO_INCREMENT=29 DEFAULT CHARSET=utf8;

--
-- Déchargement des données de la table `copy`
--

INSERT INTO `copy` (`idCopy`, `idStore`, `idPricePlatform`, `copyName`, `buyPrice`, `status`) VALUES
(16, 1, 3, '1.5.1.1', 60, 'DISPONIBLE'),
(17, 1, 3, '1.5.1.2', 60, 'DISPONIBLE'),
(18, 1, 3, '1.5.1.3', 59.99, 'DISPONIBLE'),
(19, 1, 4, '1.2.2.1', 55, 'DISPONIBLE'),
(20, 1, 4, '1.2.2.2', 55, 'CASSER'),
(21, 1, 4, '1.2.2.3', 55, 'LOUER'),
(22, 1, 5, '1.1.2.1', 50, 'DISPONIBLE'),
(23, 1, 12, '1.5.17.1', 60, 'DISPONIBLE'),
(24, 1, 12, '1.5.17.2', 60, 'DISPONIBLE'),
(25, 1, 13, '1.8.16.1', 50, 'DISPONIBLE'),
(26, 1, 14, '1.1.18.1', 35, 'DISPONIBLE'),
(27, 1, 15, '1.1.15.1', 50, 'DISPONIBLE'),
(28, 1, 15, '1.1.15.2', 50, 'CASSER');

-- --------------------------------------------------------

--
-- Structure de la table `copyorder`
--

DROP TABLE IF EXISTS `copyorder`;
CREATE TABLE IF NOT EXISTS `copyorder` (
  `idCopyOrder` int(11) NOT NULL AUTO_INCREMENT,
  `idCopy` int(11) NOT NULL,
  `idOrder` int(11) NOT NULL,
  `copyPrice` float DEFAULT NULL,
  `returnDestroy` tinyint(1) NOT NULL DEFAULT '0',
  `penalityPrice` float DEFAULT NULL,
  PRIMARY KEY (`idCopyOrder`),
  KEY `fk_idCopyOrder` (`idCopy`),
  KEY `fk_idOrderCopy` (`idOrder`)
) ENGINE=InnoDB DEFAULT CHARSET=utf8;

-- --------------------------------------------------------

--
-- Structure de la table `country`
--

DROP TABLE IF EXISTS `country`;
CREATE TABLE IF NOT EXISTS `country` (
  `idCountry` int(11) NOT NULL AUTO_INCREMENT,
  `countryName` varchar(60) NOT NULL,
  PRIMARY KEY (`idCountry`)
) ENGINE=InnoDB AUTO_INCREMENT=2 DEFAULT CHARSET=utf8;

--
-- Déchargement des données de la table `country`
--

INSERT INTO `country` (`idCountry`, `countryName`) VALUES
(1, 'Belgique');

-- --------------------------------------------------------

--
-- Structure de la table `document`
--

DROP TABLE IF EXISTS `document`;
CREATE TABLE IF NOT EXISTS `document` (
  `idDocument` int(11) NOT NULL AUTO_INCREMENT,
  `idDocumentType` int(11) NOT NULL,
  `idOrder` int(11) NOT NULL,
  `numberDocument` int(11) NOT NULL,
  `documentDate` datetime NOT NULL,
  PRIMARY KEY (`idDocument`),
  KEY `fk_idDocumentType` (`idDocumentType`),
  KEY `fk_idOrder` (`idOrder`)
) ENGINE=InnoDB DEFAULT CHARSET=utf8;

-- --------------------------------------------------------

--
-- Structure de la table `documenttype`
--

DROP TABLE IF EXISTS `documenttype`;
CREATE TABLE IF NOT EXISTS `documenttype` (
  `idDocumentType` int(11) NOT NULL AUTO_INCREMENT,
  `documentType` varchar(60) NOT NULL,
  PRIMARY KEY (`idDocumentType`)
) ENGINE=InnoDB AUTO_INCREMENT=2 DEFAULT CHARSET=utf8;

--
-- Déchargement des données de la table `documenttype`
--

INSERT INTO `documenttype` (`idDocumentType`, `documentType`) VALUES
(1, 'facture');

-- --------------------------------------------------------

--
-- Structure de la table `editor`
--

DROP TABLE IF EXISTS `editor`;
CREATE TABLE IF NOT EXISTS `editor` (
  `idEditor` int(11) NOT NULL AUTO_INCREMENT,
  `editorName` varchar(60) NOT NULL,
  PRIMARY KEY (`idEditor`)
) ENGINE=InnoDB AUTO_INCREMENT=11 DEFAULT CHARSET=utf8;

--
-- Déchargement des données de la table `editor`
--

INSERT INTO `editor` (`idEditor`, `editorName`) VALUES
(1, 'Nintendo'),
(2, 'Blizzard'),
(3, 'Activision'),
(7, 'Bethesda'),
(8, 'Sega'),
(9, 'Ubisoft'),
(10, 'Konami');

-- --------------------------------------------------------

--
-- Structure de la table `languagegame`
--

DROP TABLE IF EXISTS `languagegame`;
CREATE TABLE IF NOT EXISTS `languagegame` (
  `idLanguage` int(11) NOT NULL AUTO_INCREMENT,
  `languageName` varchar(60) NOT NULL,
  PRIMARY KEY (`idLanguage`)
) ENGINE=InnoDB AUTO_INCREMENT=3 DEFAULT CHARSET=utf8;

--
-- Déchargement des données de la table `languagegame`
--

INSERT INTO `languagegame` (`idLanguage`, `languageName`) VALUES
(1, 'Français'),
(2, 'Anglais');

-- --------------------------------------------------------

--
-- Structure de la table `languageproduct`
--

DROP TABLE IF EXISTS `languageproduct`;
CREATE TABLE IF NOT EXISTS `languageproduct` (
  `idLanguageProduct` int(11) NOT NULL AUTO_INCREMENT,
  `idLanguage` int(11) NOT NULL,
  `idProduct` int(11) NOT NULL,
  PRIMARY KEY (`idLanguageProduct`),
  KEY `fk_idLanguageProduct` (`idLanguage`),
  KEY `fk_idProductLanguage` (`idProduct`)
) ENGINE=InnoDB AUTO_INCREMENT=22 DEFAULT CHARSET=utf8;

--
-- Déchargement des données de la table `languageproduct`
--

INSERT INTO `languageproduct` (`idLanguageProduct`, `idLanguage`, `idProduct`) VALUES
(1, 1, 1),
(2, 1, 2),
(3, 2, 2),
(16, 2, 15),
(17, 1, 15),
(18, 2, 16),
(19, 1, 17),
(20, 2, 17),
(21, 2, 18);

-- --------------------------------------------------------

--
-- Structure de la table `order`
--

DROP TABLE IF EXISTS `order`;
CREATE TABLE IF NOT EXISTS `order` (
  `idOrder` int(11) NOT NULL AUTO_INCREMENT,
  `idUser` int(11) NOT NULL,
  `startDate` datetime DEFAULT NULL,
  `receptionDate` datetime DEFAULT NULL,
  `rentalModOfPayment` enum('CASH','MAESTRO','MASTERCARD','ENATTENTE') NOT NULL DEFAULT 'ENATTENTE',
  `endDate` datetime DEFAULT NULL,
  `returnDate` datetime DEFAULT NULL,
  `returnModOfPayment` enum('CASH','MAESTRO','MASTERCARD','AUCUNFRAIS') NOT NULL DEFAULT 'AUCUNFRAIS',
  `customerNotCame` tinyint(1) NOT NULL DEFAULT '0',
  PRIMARY KEY (`idOrder`),
  KEY `fk_idUserOrder` (`idUser`)
) ENGINE=InnoDB DEFAULT CHARSET=utf8;

-- --------------------------------------------------------

--
-- Structure de la table `permission`
--

DROP TABLE IF EXISTS `permission`;
CREATE TABLE IF NOT EXISTS `permission` (
  `idPermission` int(11) NOT NULL AUTO_INCREMENT,
  `permissionName` varchar(60) NOT NULL,
  PRIMARY KEY (`idPermission`),
  UNIQUE KEY `permissionName` (`permissionName`)
) ENGINE=InnoDB AUTO_INCREMENT=29 DEFAULT CHARSET=utf8;

--
-- Déchargement des données de la table `permission`
--

INSERT INTO `permission` (`idPermission`, `permissionName`) VALUES
(11, 'category:delete'),
(9, 'category:insert'),
(8, 'category:listCategory'),
(10, 'category:update'),
(25, 'copy:delete'),
(28, 'copy:details'),
(23, 'copy:insert'),
(22, 'copy:listCopy'),
(24, 'copy:update'),
(15, 'editor:delete'),
(13, 'editor:insert'),
(12, 'editor:listEditor'),
(14, 'editor:update'),
(19, 'platform:delete'),
(16, 'platform:insert'),
(17, 'platform:listPlatform'),
(18, 'platform:update'),
(7, 'priceplatform:addbasket'),
(21, 'priceplatform:delete'),
(27, 'priceplatform:insert'),
(26, 'priceplatform:update'),
(6, 'product:delete'),
(2, 'product:details'),
(3, 'product:insert'),
(5, 'product:listProduct'),
(4, 'product:update'),
(1, 'user:delete');

-- --------------------------------------------------------

--
-- Structure de la table `permissionrole`
--

DROP TABLE IF EXISTS `permissionrole`;
CREATE TABLE IF NOT EXISTS `permissionrole` (
  `idPermissionRole` int(11) NOT NULL AUTO_INCREMENT,
  `idPermission` int(11) NOT NULL,
  `idRole` int(11) NOT NULL,
  PRIMARY KEY (`idPermissionRole`),
  KEY `fk_idPermissionRole` (`idPermission`),
  KEY `fk_idRolePermission` (`idRole`)
) ENGINE=InnoDB AUTO_INCREMENT=55 DEFAULT CHARSET=utf8;

--
-- Déchargement des données de la table `permissionrole`
--

INSERT INTO `permissionrole` (`idPermissionRole`, `idPermission`, `idRole`) VALUES
(2, 5, 1),
(4, 3, 1),
(6, 4, 1),
(7, 6, 1),
(9, 7, 3),
(10, 2, 3),
(12, 8, 1),
(14, 9, 1),
(15, 10, 1),
(17, 11, 1),
(19, 12, 1),
(21, 13, 1),
(23, 14, 1),
(25, 15, 1),
(27, 16, 1),
(29, 17, 1),
(31, 18, 1),
(33, 19, 1),
(35, 21, 1),
(37, 22, 1),
(39, 23, 1),
(41, 24, 1),
(43, 25, 1),
(45, 26, 1),
(47, 27, 1),
(49, 2, 2),
(50, 5, 2),
(51, 8, 2),
(52, 12, 2),
(53, 17, 2),
(54, 22, 2);

-- --------------------------------------------------------

--
-- Structure de la table `platform`
--

DROP TABLE IF EXISTS `platform`;
CREATE TABLE IF NOT EXISTS `platform` (
  `idPlatform` int(11) NOT NULL AUTO_INCREMENT,
  `platformName` varchar(60) NOT NULL,
  PRIMARY KEY (`idPlatform`)
) ENGINE=InnoDB AUTO_INCREMENT=9 DEFAULT CHARSET=utf8;

--
-- Déchargement des données de la table `platform`
--

INSERT INTO `platform` (`idPlatform`, `platformName`) VALUES
(1, 'PC'),
(2, 'PS5'),
(3, 'Xbox One'),
(5, 'Switch'),
(7, 'Xbox 360'),
(8, 'PS4');

-- --------------------------------------------------------

--
-- Structure de la table `priceplatform`
--

DROP TABLE IF EXISTS `priceplatform`;
CREATE TABLE IF NOT EXISTS `priceplatform` (
  `idPricePlatform` int(11) NOT NULL AUTO_INCREMENT,
  `idProduct` int(11) NOT NULL,
  `idPlatform` int(11) NOT NULL,
  `rentalPrice` float NOT NULL,
  `availableStock` int(11) NOT NULL,
  `latePrice` float NOT NULL,
  `picture` varchar(255) DEFAULT NULL,
  `enable` tinyint(1) NOT NULL DEFAULT '1',
  PRIMARY KEY (`idPricePlatform`),
  KEY `fk_idProduct` (`idProduct`),
  KEY `fk_idPlatform` (`idPlatform`)
) ENGINE=InnoDB AUTO_INCREMENT=17 DEFAULT CHARSET=utf8;

--
-- Déchargement des données de la table `priceplatform`
--

INSERT INTO `priceplatform` (`idPricePlatform`, `idProduct`, `idPlatform`, `rentalPrice`, `availableStock`, `latePrice`, `picture`, `enable`) VALUES
(3, 1, 5, 6.5, 3, 5, 'MarioKart7.jpg', 1),
(4, 2, 2, 5.5, 1, 5, 'CallOfDuty.jpg', 1),
(5, 2, 1, 5, 1, 5, 'CallOfDuty.jpg', 1),
(12, 17, 5, 6, 2, 5, 'ZeldaBreathOfTheWild.jpg', 1),
(13, 16, 8, 4.5, 1, 5, 'Castlevania.jpg', 1),
(14, 18, 1, 3.5, 1, 5, 'Oblivion.jpg', 1),
(15, 15, 1, 5, 1, 5, 'Skyrim.jpg', 1);

-- --------------------------------------------------------

--
-- Structure de la table `product`
--

DROP TABLE IF EXISTS `product`;
CREATE TABLE IF NOT EXISTS `product` (
  `idProduct` int(11) NOT NULL AUTO_INCREMENT,
  `idEditor` int(11) NOT NULL,
  `productName` varchar(60) NOT NULL,
  `pegi` enum('A_TROIS','B_SEPT','C_DOUZE','D_SEIZE','E_DIXHUIT') NOT NULL DEFAULT 'A_TROIS',
  `multiPlayer` enum('SOLO','MULTI','SOLOMULTI') NOT NULL DEFAULT 'SOLO',
  `releaseDate` datetime NOT NULL,
  `description` varchar(255) DEFAULT NULL,
  `enable` tinyint(1) NOT NULL DEFAULT '1',
  PRIMARY KEY (`idProduct`),
  KEY `fk_idEditor` (`idEditor`)
) ENGINE=InnoDB AUTO_INCREMENT=19 DEFAULT CHARSET=utf8;

--
-- Déchargement des données de la table `product`
--

INSERT INTO `product` (`idProduct`, `idEditor`, `productName`, `pegi`, `multiPlayer`, `releaseDate`, `description`, `enable`) VALUES
(1, 1, 'Mario Kart 7', 'A_TROIS', 'MULTI', '2011-12-02 15:01:45', 'Jeux de course pour la famille.', 1),
(2, 3, 'Call Of Duty', 'E_DIXHUIT', 'SOLOMULTI', '2011-06-23 00:00:00', 'Le jeux de guerre le plus populaire.', 1),
(15, 7, 'Skyrim', 'E_DIXHUIT', 'SOLO', '2011-11-11 00:00:00', 'Le 5eme Elder Scrolls', 0),
(16, 10, 'Castlevania', 'C_DOUZE', 'SOLO', '1997-03-02 00:00:00', 'Le jeu de chasseur de vampire.', 0),
(17, 1, 'Zelda Breath of the Wild', 'C_DOUZE', 'SOLO', '2017-03-03 00:00:00', 'Jeu d\'aventure open world.', 1),
(18, 7, 'Oblivion', 'D_SEIZE', 'SOLO', '2006-03-24 00:00:00', 'Le 4eme Elder Scrolls.', 0);

-- --------------------------------------------------------

--
-- Structure de la table `role`
--

DROP TABLE IF EXISTS `role`;
CREATE TABLE IF NOT EXISTS `role` (
  `idRole` int(11) NOT NULL AUTO_INCREMENT,
  `roleName` varchar(60) NOT NULL,
  PRIMARY KEY (`idRole`),
  UNIQUE KEY `roleName` (`roleName`)
) ENGINE=InnoDB AUTO_INCREMENT=4 DEFAULT CHARSET=utf8;

--
-- Déchargement des données de la table `role`
--

INSERT INTO `role` (`idRole`, `roleName`) VALUES
(1, 'administrateur/directeur'),
(2, 'Caissier'),
(3, 'Client');

-- --------------------------------------------------------

--
-- Structure de la table `store`
--

DROP TABLE IF EXISTS `store`;
CREATE TABLE IF NOT EXISTS `store` (
  `idStore` int(11) NOT NULL AUTO_INCREMENT,
  `idCity` int(11) NOT NULL,
  `storeName` varchar(60) NOT NULL,
  `streetStore` varchar(255) NOT NULL,
  `numberStore` int(11) NOT NULL,
  `boxStore` varchar(20) DEFAULT NULL,
  `phone` varchar(45) DEFAULT NULL,
  PRIMARY KEY (`idStore`),
  KEY `fk_idCityStore` (`idCity`)
) ENGINE=InnoDB AUTO_INCREMENT=2 DEFAULT CHARSET=utf8;

--
-- Déchargement des données de la table `store`
--

INSERT INTO `store` (`idStore`, `idCity`, `storeName`, `streetStore`, `numberStore`, `boxStore`, `phone`) VALUES
(1, 436, 'LocaGame', 'Boulevard Joseph Tirou', 67, NULL, '071/53 75 42');

-- --------------------------------------------------------

--
-- Structure de la table `user`
--

DROP TABLE IF EXISTS `user`;
CREATE TABLE IF NOT EXISTS `user` (
  `idUser` int(11) NOT NULL AUTO_INCREMENT,
  `idRole` int(11) NOT NULL,
  `lastName` varchar(60) NOT NULL,
  `firstName` varchar(60) NOT NULL,
  `dateOfBirth` datetime NOT NULL,
  `phone` varchar(45) DEFAULT NULL,
  `mail` varchar(255) NOT NULL,
  `password` varchar(255) NOT NULL,
  `registrationDate` datetime NOT NULL,
  `enable` tinyint(1) NOT NULL DEFAULT '1',
  PRIMARY KEY (`idUser`),
  UNIQUE KEY `mail` (`mail`),
  KEY `fk_idRole` (`idRole`)
) ENGINE=InnoDB AUTO_INCREMENT=9 DEFAULT CHARSET=utf8;

--
-- Déchargement des données de la table `user`
--

INSERT INTO `user` (`idUser`, `idRole`, `lastName`, `firstName`, `dateOfBirth`, `phone`, `mail`, `password`, `registrationDate`, `enable`) VALUES
(1, 1, 'Vandeverre', 'Adrien', '1998-12-21 09:55:39', '+32 456 75 12 45', 'Admin@gmail.com', '$2a$10$ENaYZbzmYSriDE8EBjff9OSfj3NelVRdZ3UH5SwOmKEUfqEiabz.u', '2023-01-05 09:55:39', 1),
(5, 3, 'Andre', 'Jean-Pierre', '2005-01-04 00:00:00', '+32 458 15 45 78', 'Client@gmail.com', '$2a$10$ENaYZbzmYSriDE8EBjff9OSfj3NelVRdZ3UH5SwOmKEUfqEiabz.u', '2023-01-09 18:36:50', 1),
(8, 2, 'Antoine', 'Thomas', '2005-01-04 00:00:00', '+32 458 15 45 78', 'Caissier@gmail.com', '$2a$10$ENaYZbzmYSriDE8EBjff9OSfj3NelVRdZ3UH5SwOmKEUfqEiabz.u', '2023-01-09 18:36:50', 1);

--
-- Contraintes pour les tables déchargées
--

--
-- Contraintes pour la table `address`
--
ALTER TABLE `address`
  ADD CONSTRAINT `fk_idCity` FOREIGN KEY (`idCity`) REFERENCES `city` (`idCity`),
  ADD CONSTRAINT `fk_idUser` FOREIGN KEY (`idUser`) REFERENCES `user` (`idUser`);

--
-- Contraintes pour la table `addressorder`
--
ALTER TABLE `addressorder`
  ADD CONSTRAINT `fk_idAddressOrder` FOREIGN KEY (`idAddress`) REFERENCES `address` (`idAddress`),
  ADD CONSTRAINT `fk_idOrderAddress` FOREIGN KEY (`idOrder`) REFERENCES `order` (`idOrder`);

--
-- Contraintes pour la table `categoryproduct`
--
ALTER TABLE `categoryproduct`
  ADD CONSTRAINT `fk_idCategory` FOREIGN KEY (`idCategory`) REFERENCES `category` (`idCategory`),
  ADD CONSTRAINT `fk_idProductCategory` FOREIGN KEY (`idProduct`) REFERENCES `product` (`idProduct`);

--
-- Contraintes pour la table `city`
--
ALTER TABLE `city`
  ADD CONSTRAINT `city_ibfk_1` FOREIGN KEY (`idCountry`) REFERENCES `country` (`idCountry`);

--
-- Contraintes pour la table `copy`
--
ALTER TABLE `copy`
  ADD CONSTRAINT `fk_idPlatformCopy` FOREIGN KEY (`idPricePlatform`) REFERENCES `priceplatform` (`idPricePlatform`),
  ADD CONSTRAINT `fk_idStore` FOREIGN KEY (`idStore`) REFERENCES `store` (`idStore`);

--
-- Contraintes pour la table `copyorder`
--
ALTER TABLE `copyorder`
  ADD CONSTRAINT `fk_idCopyOrder` FOREIGN KEY (`idCopy`) REFERENCES `copy` (`idCopy`),
  ADD CONSTRAINT `fk_idOrderCopy` FOREIGN KEY (`idOrder`) REFERENCES `order` (`idOrder`);

--
-- Contraintes pour la table `document`
--
ALTER TABLE `document`
  ADD CONSTRAINT `fk_idDocumentType` FOREIGN KEY (`idDocumentType`) REFERENCES `documenttype` (`idDocumentType`),
  ADD CONSTRAINT `fk_idOrder` FOREIGN KEY (`idOrder`) REFERENCES `order` (`idOrder`);

--
-- Contraintes pour la table `languageproduct`
--
ALTER TABLE `languageproduct`
  ADD CONSTRAINT `fk_idLanguageProduct` FOREIGN KEY (`idLanguage`) REFERENCES `languagegame` (`idLanguage`),
  ADD CONSTRAINT `fk_idProductLanguage` FOREIGN KEY (`idProduct`) REFERENCES `product` (`idProduct`);

--
-- Contraintes pour la table `order`
--
ALTER TABLE `order`
  ADD CONSTRAINT `fk_idUserOrder` FOREIGN KEY (`idUser`) REFERENCES `user` (`idUser`);

--
-- Contraintes pour la table `permissionrole`
--
ALTER TABLE `permissionrole`
  ADD CONSTRAINT `fk_idPermissionRole` FOREIGN KEY (`idPermission`) REFERENCES `permission` (`idPermission`),
  ADD CONSTRAINT `fk_idRolePermission` FOREIGN KEY (`idRole`) REFERENCES `role` (`idRole`);

--
-- Contraintes pour la table `priceplatform`
--
ALTER TABLE `priceplatform`
  ADD CONSTRAINT `fk_idPlatform` FOREIGN KEY (`idPlatform`) REFERENCES `platform` (`idPlatform`),
  ADD CONSTRAINT `fk_idProduct` FOREIGN KEY (`idProduct`) REFERENCES `product` (`idProduct`);

--
-- Contraintes pour la table `product`
--
ALTER TABLE `product`
  ADD CONSTRAINT `fk_idEditor` FOREIGN KEY (`idEditor`) REFERENCES `editor` (`idEditor`);

--
-- Contraintes pour la table `store`
--
ALTER TABLE `store`
  ADD CONSTRAINT `fk_idCityStore` FOREIGN KEY (`idCity`) REFERENCES `city` (`idCity`);

--
-- Contraintes pour la table `user`
--
ALTER TABLE `user`
  ADD CONSTRAINT `fk_idRole` FOREIGN KEY (`idRole`) REFERENCES `role` (`idRole`);
COMMIT;

/*!40101 SET CHARACTER_SET_CLIENT=@OLD_CHARACTER_SET_CLIENT */;
/*!40101 SET CHARACTER_SET_RESULTS=@OLD_CHARACTER_SET_RESULTS */;
/*!40101 SET COLLATION_CONNECTION=@OLD_COLLATION_CONNECTION */;
